Loyalty#,Customer Lifetime Value
480934,3839.14
549612,3839.61
429460,3839.75
608370,3839.75
530508,3842.79
193662,3844.57
927943,3857.95
188893,3861.49
852392,3861.49
866307,3861.49
932823,3863.31
144514,3864.78
611765,3867.97
988178,3871.07
286114,3872.22
205785,3873.65
735304,3873.65
438936,3878.77
243713,3883.4
354730,3885.46
413741,3885.46
552965,3885.46
642313,3885.46
263080,3886.5
109767,3886.65
217754,3887.32
157005,3890.87
557752,3890.87
608758,3890.96
599341,3891.54
333502,3891.58
201574,3893.31
403361,3895.03
543918,3896.57
806030,3903.47
119200,3903.8
175967,3906.67
238119,3906.67
730388,3907.03
834891,3911.12
127400,3914.72
324557,3914.72
742002,3915.8
536567,3919.37
704835,3919.37
733338,3919.37
758635,3919.37
823048,3919.37
612905,3920.51
679908,3921.02
704150,3921.02
869743,3924.42
596179,3933.81
370450,3934.1
501030,3934.71
878633,3936.79
285938,3939.01
588237,3939.01
645280,3939.01
864324,3939.01
124678,3954.34
186015,3954.34
461108,3954.34
589580,3954.34
623688,3954.34
751616,3954.34
256147,3958.0
329382,3961.59
140392,3963.39
541008,3963.4
230908,3964.15
972581,3964.53
357549,3964.73
157729,3966.13
910875,3966.13
501704,3974.86
529098,3974.86
265297,3978.67
567875,3979.72
688524,3980.42
269070,3985.32
387705,3985.32
923293,3985.55
283314,3991.73
322102,3992.58
789157,3995.36
654748,3996.77
984713,3997.48
114835,4001.52
328936,4005.72
845864,4013.85
645265,4013.95
223587,4013.96
158560,4014.45
417584,4014.45
566033,4015.21
957912,4015.34
425854,4016.13
174896,4016.54
695855,4019.38
699511,4019.38
377322,4023.81
511053,4023.81
890753,4025.1
796670,4035.68
556136,4035.77
513081,4037.5
930718,4037.55
235872,4046.94
881142,4046.94
295147,4048.16
306110,4053.37
295217,4059.57
711363,4064.11
591731,4064.18
326905,4068.09
375511,4070.05
485283,4072.85
760158,4076.63
797685,4079.13
216467,4083.56
958839,4083.56
539673,4087.51
746226,4089.04
484718,4089.46
528492,4090.75
995091,4095.2
632793,4097.37
912220,4097.37
382197,4100.47
705196,4101.94
123094,4103.85
821515,4105.58
119488,4108.26
287750,4109.31
735846,4109.79
606026,4110.62
460291,4111.2
743001,4111.89
869799,4111.89
520321,4112.84
279419,4117.37
170585,4118.59
188340,4118.59
670817,4118.59
509513,4121.25
779247,4122.57
111255,4122.96
763061,4126.61
509108,4132.59
428919,4139.9
139863,4142.56
695755,4144.87
355331,4145.02
578837,4152.65
603248,4157.7
467182,4160.02
601407,4165.17
700871,4165.25
203809,4165.35
705589,4165.99
354438,4167.09
746060,4167.09
469718,4167.42
164429,4169.36
708373,4169.36
225088,4170.34
100214,4170.57
459999,4170.69
553936,4170.69
268128,4177.88
930584,4185.76
327796,4191.06
947467,4196.43
743510,4196.65
580324,4198.03
845613,4198.03
936088,4198.03
423324,4200.37
101945,4202.66
713636,4212.8
302509,4213.92
789421,4217.86
914255,4217.86
242377,4221.31
404426,4223.27
260106,4228.25
154643,4228.73
438023,4228.73
397518,4235.18
645742,4235.18
872932,4236.3
407945,4236.47
211714,4236.84
410982,4237.37
905213,4237.37
147898,4241.64
530105,4242.69
610946,4244.47
383108,4247.68
836343,4247.68
398535,4250.28
585357,4250.28
784804,4250.28
719633,4250.78
715764,4253.28
753473,4254.62
980856,4254.62
271660,4270.03
377471,4270.03
830547,4271.2
264936,4272.81
436498,4272.81
976513,4273.59
828776,4274.62
240362,4276.36
137845,4277.27
430569,4277.56
317001,4282.95
625870,4282.95
660554,4282.95
917630,4282.95
670686,4291.06
717660,4293.01
450621,4296.6
939562,4297.02
135250,4298.66
714555,4299.84
947868,4300.9
573661,4303.64
228580,4305.79
557500,4305.81
238233,4307.42
979309,4312.77
885497,4313.34
833569,4314.07
120046,4314.17
816881,4314.17
717700,4315.79
962278,4318.43
245465,4319.15
510372,4322.24
709920,4327.1
156031,4328.37
143784,4330.39
602176,4330.39
870998,4330.39
958224,4330.39
837628,4330.77
395460,4330.8
136547,4331.46
780631,4331.46
166712,4334.06
217695,4334.06
263707,4334.06
638368,4334.06
695529,4334.06
871203,4334.06
915571,4334.06
642109,4335.35
833701,4340.86
275442,4349.31
374345,4349.31
384825,4349.31
559233,4349.31
564650,4349.31
277649,4358.76
176885,4361.37
732013,4361.37
793318,4362.77
830024,4362.77
223684,4362.93
723262,4362.93
879892,4363.12
966117,4363.12
258358,4363.2
265836,4364.31
474174,4365.26
474172,4369.04
202299,4373.36
497467,4373.36
971902,4376.08
134279,4376.36
474757,4376.36
635225,4376.36
980198,4376.36
995693,4376.36
861924,4377.53
639383,4381.18
769731,4381.88
884530,4381.88
207372,4383.15
236300,4384.35
543553,4386.28
639701,4386.28
998090,4389.28
283747,4389.95
863122,4395.89
816593,4398.05
440939,4419.12
531201,4419.54
585629,4423.69
347932,4425.75
417886,4425.91
514900,4425.91
203550,4426.1
181825,4428.03
261582,4428.03
679859,4428.03
924724,4428.03
122958,4430.57
274698,4434.41
149549,4436.81
652291,4439.9
603775,4443.63
948404,4447.42
605877,4455.84
994377,4456.02
766927,4457.94
172610,4458.11
702588,4458.11
798248,4458.11
641448,4462.45
406047,4463.0
538902,4463.0
805110,4463.0
883242,4463.0
909134,4463.0
294753,4463.61
606076,4465.34
120613,4466.1
520094,4466.98
754539,4467.71
189611,4468.22
971599,4468.51
485189,4471.75
521384,4472.33
128039,4474.48
565133,4477.45
947876,4479.02
138746,4479.49
564707,4479.49
383898,4481.39
174996,4488.13
798854,4491.91
800075,4492.23
410384,4492.52
692304,4492.52
991672,4502.41
344180,4502.67
703338,4502.87
922388,4505.4
471018,4505.84
655743,4505.85
787472,4506.66
667687,4512.2
348920,4515.18
523394,4515.18
430521,4515.45
981581,4517.91
639510,4518.02
744675,4521.19
289177,4525.28
420890,4525.37
357149,4526.13
876207,4526.95
224384,4528.74
650445,4529.06
399982,4529.98
228984,4530.53
221388,4531.37
710053,4531.37
591576,4531.68
296412,4533.73
836475,4540.38
901002,4540.99
450979,4541.26
392235,4542.41
529218,4547.16
549132,4547.89
782523,4547.89
566343,4548.29
263729,4554.56
326561,4554.56
604116,4554.91
313837,4556.59
561092,4558.43
234866,4558.59
721984,4558.97
772397,4561.27
685792,4563.02
344199,4563.87
909385,4564.51
211043,4566.12
459801,4568.82
958243,4569.88
517758,4570.67
712062,4570.67
845945,4571.51
324707,4572.04
184635,4574.52
947123,4574.92
432598,4576.76
524483,4576.76
413445,4582.16
257575,4582.67
352834,4582.69
127590,4582.9
846374,4583.1
651054,4583.75
776956,4589.94
130368,4591.63
752331,4592.15
986825,4592.15
882024,4594.26
981343,4594.26
101581,4595.46
321557,4595.52
390719,4598.24
329358,4599.76
497494,4601.91
821379,4601.91
361816,4605.04
517612,4605.04
734192,4605.04
774724,4605.04
874161,4605.04
906396,4606.27
722976,4617.39
747304,4617.84
613804,4620.39
995877,4623.54
446968,4623.62
123928,4624.56
237105,4624.56
395026,4624.62
702493,4624.62
894466,4625.55
610393,4626.8
800726,4626.8
111171,4628.28
199959,4628.28
842064,4630.36
149542,4631.01
779434,4633.1
203184,4633.55
225077,4636.55
365816,4636.55
781463,4636.55
644786,4637.03
441440,4637.16
756791,4639.04
676676,4642.02
401858,4644.7
819569,4644.9
428826,4645.57
779435,4645.84
518533,4646.39
568547,4648.54
761007,4650.06
830931,4652.6
229204,4652.89
437269,4654.84
202761,4654.95
723390,4655.21
956005,4655.61
683361,4656.67
370486,4657.16
279919,4660.4
635249,4665.13
849415,4665.13
334003,4668.04
256323,4669.23
553567,4669.23
612555,4669.23
411242,4670.05
353128,4670.06
367961,4670.95
431899,4671.42
835491,4673.2
791355,4678.42
331258,4681.53
713329,4685.5
422805,4686.47
660376,4686.47
841677,4686.47
871329,4686.81
626326,4692.05
412854,4692.1
187010,4692.17
333621,4692.17
270570,4692.66
305171,4697.15
715668,4698.35
197529,4699.03
496325,4700.01
873180,4700.01
630320,4700.58
304944,4703.72
615662,4703.72
887192,4704.18
540497,4705.59
673061,4706.68
534794,4708.2
336341,4709.52
465530,4711.08
600598,4711.85
724720,4713.4
627489,4715.29
264064,4715.47
740762,4719.45
527622,4719.76
984636,4719.76
110691,4722.24
737791,4722.24
219413,4723.82
260685,4726.87
501363,4726.87
982202,4726.87
218529,4727.35
691645,4729.97
881157,4731.37
426185,4731.75
546758,4731.84
270723,4732.22
275387,4732.22
504715,4734.26
380183,4735.18
654817,4737.84
541078,4739.35
555112,4740.2
726732,4740.2
948327,4742.11
384269,4745.18
791852,4745.18
372183,4745.68
481857,4746.76
411523,4747.73
765252,4749.13
539358,4755.19
697837,4755.19
464471,4755.48
410921,4755.72
826304,4758.19
200077,4759.66
597897,4759.66
119408,4760.94
241167,4762.59
159275,4763.33
615439,4763.33
458697,4764.19
620465,4764.19
654578,4764.86
432451,4766.37
251116,4766.65
381786,4766.94
440967,4766.94
368292,4770.26
493677,4770.55
500374,4770.55
850418,4770.55
574560,4770.74
406574,4772.94
532925,4773.66
119837,4774.75
546039,4775.48
950914,4775.48
387129,4776.19
876006,4779.89
230311,4781.82
955991,4782.35
279409,4784.42
293531,4784.77
886127,4784.77
536021,4784.96
687108,4784.96
579005,4786.01
758372,4786.05
436087,4786.89
471460,4786.89
605505,4787.47
745336,4791.08
413185,4792.51
715462,4792.83
739933,4794.12
675106,4794.48
767728,4795.39
244032,4798.24
872408,4801.66
583648,4803.24
250380,4803.78
935504,4803.94
311943,4804.51
811684,4807.85
672103,4811.74
657339,4812.53
433812,4814.35
217284,4815.01
559304,4815.02
290249,4815.85
948815,4821.21
513229,4823.56
501278,4825.5
348299,4827.78
500455,4829.57
277356,4830.91
615394,4831.42
936723,4832.12
158314,4834.71
418090,4834.71
769623,4834.71
685314,4834.8
413282,4835.78
884088,4836.05
445867,4836.39
568286,4837.93
965066,4838.21
105145,4839.11
516329,4847.24
945479,4853.1
363925,4853.53
798216,4854.75
822694,4855.77
747483,4858.07
784838,4858.07
405597,4858.12
502592,4860.91
999143,4861.37
420010,4861.49
416620,4862.91
198424,4863.54
244099,4863.54
814653,4864.53
636505,4865.37
110142,4866.65
685346,4869.24
967634,4869.24
919506,4869.6
272944,4872.02
512906,4872.02
490984,4872.58
812042,4872.77
366719,4873.35
192177,4873.44
273353,4873.44
249555,4876.47
103862,4878.83
121935,4878.83
224402,4878.95
988839,4878.95
416768,4879.71
667767,4880.71
955178,4880.95
534716,4881.3
565041,4881.39
596004,4881.75
340934,4882.29
335839,4882.49
621940,4883.55
308379,4883.81
683791,4884.16
715015,4884.16
835796,4885.16
564201,4889.61
572410,4890.11
306288,4892.44
568111,4892.44
201220,4892.62
533766,4893.29
990933,4893.98
806850,4894.99
613265,4895.81
163608,4896.26
237984,4896.26
288419,4896.27
285738,4896.56
666556,4897.04
698180,4897.04
807589,4898.96
135382,4899.23
444778,4899.23
502534,4901.89
589840,4903.13
551300,4903.15
990204,4903.15
148299,4903.81
412902,4904.89
602694,4904.89
655721,4905.13
205445,4905.32
883349,4908.12
773293,4909.84
957127,4911.0
176611,4911.12
848248,4911.12
162013,4911.46
706628,4911.77
495027,4913.12
731001,4913.12
106001,4914.04
692096,4914.04
544569,4914.73
616220,4914.73
890361,4915.39
778426,4916.37
211083,4916.48
693256,4916.58
343377,4920.49
608739,4920.77
421497,4921.33
268094,4921.75
982608,4921.75
703882,4922.17
821404,4926.28
544561,4927.07
528074,4928.0
709550,4928.0
601448,4929.55
264234,4929.81
989048,4929.81
788460,4930.95
765973,4931.22
831087,4932.88
750776,4935.19
401336,4936.89
936612,4938.21
785836,4938.89
161437,4940.51
654187,4940.51
801821,4941.65
655044,4942.63
223946,4942.87
531286,4944.24
655614,4945.07
101876,4949.53
908729,4949.53
622269,4949.8
929701,4953.36
622171,4956.62
708020,4957.03
919922,4957.16
479872,4960.55
277091,4960.97
386363,4961.41
307233,4965.49
199342,4966.85
810257,4966.85
252341,4967.54
485397,4969.36
799399,4969.36
687748,4971.35
368830,4974.24
249224,4974.8
444684,4974.8
181726,4974.87
164559,4978.95
530978,4980.19
372261,4983.18
738427,4983.18
295929,4984.62
381717,4984.62
437022,4984.62
582861,4984.62
945014,4984.62
809728,4987.64
460207,4988.58
567256,4988.58
543956,4990.34
290599,4991.04
878909,4991.47
941194,4991.54
600820,4992.92
430228,4995.21
646168,4996.55
866302,4996.55
998192,4997.78
189146,4999.35
290517,4999.35
513000,5000.62
917352,5000.62
277910,5004.58
345014,5009.6
398305,5009.6
484194,5009.81
618309,5010.38
160686,5010.92
355995,5010.92
519203,5011.26
306402,5011.75
428590,5012.18
446315,5013.14
576716,5013.14
111646,5015.01
685982,5015.01
166037,5016.14
236593,5016.64
784113,5016.64
896790,5016.83
990595,5016.83
773261,5018.73
756907,5021.15
455287,5021.69
633999,5028.58
285484,5028.84
342738,5028.84
907743,5029.64
484733,5029.67
981848,5032.39
399575,5033.39
852310,5033.69
885007,5035.04
692097,5039.44
532813,5040.78
425445,5041.45
410460,5048.05
508854,5049.12
141233,5050.83
277769,5054.33
340479,5055.9
980651,5055.9
513708,5059.62
796508,5059.62
304770,5059.99
729762,5059.99
203258,5061.76
654890,5065.49
716393,5065.94
751612,5066.83
493427,5067.0
152016,5067.21
577151,5067.51
204042,5067.64
254683,5067.64
824259,5069.07
259634,5070.35
730742,5070.35
287593,5071.65
481450,5073.28
503598,5073.28
825593,5073.28
591608,5074.25
800923,5075.66
127128,5077.32
518249,5079.67
682308,5079.83
974114,5079.84
179719,5085.02
780944,5085.84
369458,5087.02
202585,5088.69
924719,5090.45
345608,5090.78
662268,5090.78
526747,5093.38
395121,5094.52
331698,5096.67
336539,5096.67
351513,5096.67
586542,5096.67
792383,5096.67
274264,5096.7
460711,5098.85
117408,5099.51
498644,5103.3
231273,5103.36
329587,5106.11
206992,5107.16
421855,5107.16
469684,5107.16
763520,5107.16
823112,5107.16
768012,5108.04
399418,5109.5
734035,5110.76
468542,5111.3
894340,5111.36
192096,5112.31
787172,5113.87
400702,5116.73
416124,5119.41
456752,5119.9
466147,5120.62
226176,5121.56
837646,5121.56
559279,5121.84
733693,5121.84
602900,5122.72
543978,5123.17
287212,5123.48
660436,5123.77
472726,5124.22
887705,5124.22
220358,5126.04
590301,5126.04
420464,5126.54
640244,5126.54
384920,5126.84
573332,5126.84
458320,5129.61
101663,5129.74
873458,5130.82
502745,5131.36
866815,5132.68
439296,5133.64
521311,5137.85
683909,5139.56
856229,5139.56
235629,5140.39
173212,5141.98
476875,5143.88
330464,5146.9
743768,5146.9
595325,5149.3
881198,5149.3
415090,5150.42
748286,5153.92
949175,5153.92
437810,5154.05
297869,5154.76
182587,5156.07
818391,5157.05
272812,5158.58
273357,5158.65
302908,5159.37
217616,5160.25
905497,5161.79
166577,5162.12
820187,5162.37
315851,5163.84
469977,5168.15
784570,5169.5
465931,5170.36
482256,5170.98
733746,5171.27
526064,5174.08
655453,5174.08
130326,5175.29
845275,5175.29
527944,5176.58
757634,5178.7
135808,5179.55
418281,5181.62
487536,5181.62
508115,5181.62
834522,5181.62
842379,5182.46
508443,5182.94
613925,5182.94
653304,5184.95
821325,5186.36
400478,5187.65
436081,5189.29
812282,5191.45
431277,5192.36
631821,5200.23
282930,5201.71
577405,5205.91
753149,5206.76
222960,5207.99
232426,5208.35
397248,5210.35
785185,5213.37
879600,5214.97
418990,5216.91
205465,5217.51
382045,5217.51
738141,5217.51
751820,5217.51
956191,5217.51
359188,5218.34
342958,5218.97
776830,5218.97
842236,5219.89
444686,5220.28
627107,5220.28
950980,5220.69
728748,5221.14
746677,5221.14
630396,5223.43
833765,5225.03
462077,5227.1
728586,5227.1
246775,5227.23
471440,5227.57
784945,5228.92
438120,5229.45
650290,5229.68
755538,5229.68
430712,5233.95
724818,5233.99
660030,5234.78
102982,5235.57
630880,5235.57
803796,5239.89
917972,5241.14
906623,5243.45
161373,5243.83
241038,5244.55
541898,5246.06
235391,5246.28
272250,5246.28
293266,5246.28
391357,5246.28
328173,5247.85
559005,5247.85
165056,5251.97
847359,5251.97
596390,5251.98
913981,5251.98
727175,5253.49
437197,5254.73
879462,5254.73
483747,5255.58
993054,5255.58
598258,5256.92
941361,5257.24
280603,5258.25
445370,5259.44
750710,5259.71
746171,5260.62
947641,5261.04
971370,5261.04
276746,5261.12
819765,5261.12
672170,5261.42
990268,5263.92
989256,5264.36
384905,5264.64
203864,5266.42
221014,5266.42
349342,5271.98
963410,5272.01
163445,5272.32
901231,5272.32
149981,5272.52
727053,5272.7
132319,5274.43
629642,5275.63
378181,5278.2
188668,5278.53
628169,5278.65
290362,5279.12
395189,5279.48
786525,5279.48
598398,5281.83
113316,5282.54
426351,5283.36
423201,5284.04
401036,5285.08
896792,5285.08
831948,5285.12
794202,5285.31
447962,5285.92
871094,5285.92
628258,5288.24
782654,5290.13
736813,5291.4
485330,5292.2
428249,5292.63
483768,5294.23
837237,5295.63
170903,5295.74
624929,5295.74
323821,5297.63
349539,5297.67
508821,5300.69
172755,5303.76
742612,5303.76
675535,5304.54
797120,5306.16
118632,5308.25
711567,5308.29
752704,5309.44
343001,5310.86
618100,5310.86
335554,5313.29
569603,5313.29
672679,5313.44
183020,5313.47
749566,5317.81
358900,5318.9
765323,5318.9
766355,5318.9
827147,5318.9
855026,5318.9
817136,5319.31
711577,5319.84
250696,5325.39
436247,5325.72
763113,5325.72
817191,5325.72
861877,5326.68
493358,5328.32
853894,5329.13
729094,5330.59
256945,5331.82
646038,5332.46
981160,5332.46
276494,5333.04
644938,5334.78
938981,5337.35
749459,5339.49
275694,5340.54
216500,5341.44
360435,5343.12
393604,5345.68
608241,5350.0
638754,5350.21
195368,5352.19
877945,5352.22
577535,5353.93
572263,5354.61
750739,5356.14
392774,5357.19
458202,5357.19
506190,5357.76
906564,5357.76
841219,5363.41
196779,5363.53
596586,5365.54
309230,5365.93
831253,5365.93
759132,5366.78
258141,5367.09
787525,5372.91
612650,5375.66
956861,5375.82
343978,5375.84
328576,5376.89
637655,5377.01
529106,5380.9
584285,5380.9
344749,5382.75
495632,5382.75
252147,5384.02
503494,5384.43
695250,5384.43
535525,5384.53
480732,5384.67
989666,5384.73
883574,5386.51
623144,5391.78
386082,5391.97
748717,5394.0
314941,5394.91
804710,5395.35
706185,5395.43
380031,5396.31
937163,5398.1
280545,5399.58
223354,5405.52
591579,5406.88
609184,5408.89
661274,5408.91
607548,5409.96
901857,5411.95
511642,5412.7
670371,5414.32
272123,5414.62
957061,5414.9
772532,5416.41
372290,5418.73
451839,5418.73
334273,5420.34
263763,5420.36
324801,5420.36
543478,5421.02
553558,5421.05
797391,5421.05
576690,5421.52
572062,5421.54
556755,5423.14
922665,5424.26
308629,5426.14
276990,5426.86
912293,5426.86
994676,5427.48
527640,5432.86
564141,5435.77
908123,5437.91
222453,5438.7
580356,5439.34
771713,5441.42
118418,5442.74
392989,5443.76
430817,5447.2
910157,5447.2
405739,5447.81
831180,5447.81
144633,5447.84
918564,5448.56
347515,5451.8
444931,5452.63
347955,5453.71
458074,5453.71
734307,5454.59
991568,5454.59
174439,5454.89
719192,5459.22
757127,5459.22
503096,5461.55
915638,5461.97
792514,5465.6
352582,5469.54
107519,5470.06
186729,5470.06
197855,5470.06
202864,5470.06
845273,5470.06
930900,5470.06
165022,5475.34
447544,5476.53
343994,5479.56
330316,5479.85
662723,5480.07
685408,5480.7
773598,5484.59
374266,5488.93
912757,5489.21
175249,5494.87
306068,5494.87
233084,5498.94
298999,5498.94
372737,5498.94
484495,5498.94
595978,5498.94
836603,5498.94
227906,5500.01
701954,5500.58
846277,5500.58
968034,5502.73
549238,5503.92
209172,5504.14
346633,5504.14
983872,5504.14
143730,5505.69
105688,5507.06
235063,5509.38
325082,5509.38
393975,5509.9
636745,5509.9
587284,5510.56
282542,5510.97
153968,5511.03
244676,5512.34
749328,5514.34
621750,5515.25
524234,5520.15
344121,5520.48
451240,5522.52
171027,5525.47
370744,5526.44
182130,5527.99
154194,5528.08
231047,5528.21
391313,5528.21
422358,5528.21
612233,5528.21
324295,5531.63
957276,5531.63
392430,5532.46
343425,5532.75
152423,5532.86
962472,5534.58
588516,5536.39
793549,5539.35
171137,5548.03
189666,5548.03
258408,5548.03
441509,5550.15
386446,5551.59
955567,5553.19
218362,5553.3
137251,5553.36
902634,5553.52
304600,5553.8
103352,5555.49
237770,5555.83
359091,5555.83
645986,5555.83
845947,5555.83
851871,5555.83
937976,5558.3
905907,5560.28
128475,5561.29
958026,5561.29
431201,5562.46
665373,5564.74
240299,5564.96
802316,5565.89
640833,5568.89
317094,5568.95
917725,5568.95
953307,5568.95
670289,5569.46
707276,5569.46
451819,5570.18
761966,5570.22
968370,5570.22
472314,5573.11
767385,5574.62
576498,5575.2
799992,5575.75
225482,5577.54
249381,5578.52
319766,5578.52
635531,5580.92
345657,5581.76
354150,5583.07
325830,5584.96
601131,5584.96
306965,5586.89
895972,5586.97
195848,5592.16
111912,5592.46
686838,5593.43
178331,5595.39
198167,5595.39
202859,5595.39
319901,5595.39
450802,5595.39
714123,5595.39
715514,5595.76
536082,5595.97
302669,5597.12
476080,5597.12
898423,5597.12
391402,5598.01
902040,5598.01
688058,5598.27
844582,5599.38
951353,5600.5
934912,5601.68
177345,5604.33
991356,5604.33
981920,5608.32
282896,5610.96
169661,5611.93
113919,5614.59
738005,5616.85
638528,5619.07
866604,5619.69
546665,5619.97
701622,5619.97
943236,5620.59
423711,5623.61
836405,5623.61
690554,5623.76
943668,5623.76
197138,5625.31
752462,5625.31
172593,5626.53
403185,5626.53
585780,5635.25
112522,5636.74
281777,5638.26
701732,5639.4
349046,5639.94
646502,5639.94
678786,5639.94
952859,5639.94
159344,5640.02
351461,5640.73
614787,5641.36
710003,5644.47
499932,5645.4
451446,5645.51
626149,5651.4
911655,5652.72
408091,5657.03
486359,5657.69
666597,5658.53
372961,5659.24
373898,5666.87
370405,5669.97
697680,5670.44
818484,5671.09
285909,5671.93
997322,5673.84
457536,5674.38
805890,5675.92
679437,5677.31
842980,5677.47
303682,5678.05
849178,5678.05
873554,5678.05
427329,5681.31
224676,5682.52
505680,5682.52
510513,5686.92
231530,5689.64
178160,5697.18
423096,5700.76
593885,5700.76
616835,5704.68
699194,5704.98
857946,5706.96
848973,5709.23
997359,5714.17
550839,5717.74
279408,5719.09
126262,5720.77
946932,5720.9
691332,5723.54
422750,5727.33
633734,5728.58
665763,5729.86
745792,5732.69
951616,5733.21
161728,5734.6
286883,5734.6
693138,5737.5
824414,5738.28
773648,5741.7
950252,5744.23
484625,5746.06
798375,5746.06
489443,5746.33
276673,5754.75
733226,5754.75
855153,5755.18
162472,5755.54
723186,5757.44
835693,5757.44
910093,5757.44
947367,5757.44
762715,5757.49
351966,5761.11
501209,5761.32
390651,5764.65
361237,5768.09
528693,5768.09
745600,5768.83
613709,5770.68
922703,5775.52
156959,5780.18
690971,5780.18
837704,5780.18
981508,5786.49
607847,5790.57
771056,5791.01
881741,5791.61
741313,5794.57
717232,5794.68
234973,5800.77
254853,5801.13
917423,5801.83
630290,5802.84
171902,5807.66
415441,5807.99
672893,5810.63
226191,5811.92
797432,5811.92
171908,5813.24
478792,5815.26
675385,5815.26
434620,5817.83
833436,5821.68
915927,5821.68
173666,5824.22
693659,5824.77
607266,5824.82
415292,5827.41
668624,5827.41
243294,5827.48
471170,5830.56
531514,5830.56
667692,5837.53
490824,5838.13
238607,5838.9
448896,5838.9
657865,5838.9
100428,5845.43
272686,5846.11
761444,5846.42
598369,5847.42
389996,5849.49
833844,5849.49
776795,5860.48
173178,5862.8
146215,5866.07
747704,5866.07
254428,5867.13
951941,5871.61
565841,5874.82
561621,5878.2
107649,5879.18
425687,5880.26
758113,5886.22
229094,5887.18
508824,5887.18
121469,5890.53
456839,5894.91
912064,5898.73
961177,5898.73
171582,5903.61
485845,5904.85
273179,5906.94
135016,5908.16
582930,5913.31
200663,5917.47
266541,5918.07
340782,5918.33
904317,5918.33
556453,5923.12
583415,5923.12
317664,5923.52
216445,5926.73
307785,5926.73
525866,5926.73
532333,5926.73
857912,5926.73
884089,5926.73
285202,5926.96
478566,5928.75
892079,5934.74
742356,5936.01
971582,5945.62
122797,5946.67
717026,5946.67
568953,5953.21
968666,5956.55
445008,5960.58
123393,5963.82
521217,5963.82
311363,5964.35
330988,5969.55
696090,5969.55
465260,5977.79
989154,5977.79
243726,5979.72
403463,5979.72
775176,5979.72
891931,5979.72
424403,5981.38
283929,5989.77
477867,5989.77
996896,5989.77
376367,5994.23
892219,5994.26
929880,5994.42
390434,5995.41
644551,6005.03
300008,6005.21
354002,6005.21
389387,6005.21
409768,6005.21
515969,6005.21
595027,6005.21
642102,6005.21
109023,6005.85
199494,6005.85
271987,6005.85
351753,6005.85
408347,6005.85
735770,6006.21
369141,6006.44
690563,6013.04
229636,6019.93
304726,6019.96
187041,6021.84
510644,6021.84
488268,6031.52
452439,6032.74
441964,6033.22
381308,6039.02
718409,6039.02
979168,6042.62
395887,6045.63
348448,6047.03
577232,6047.03
736004,6047.03
878568,6047.03
608116,6048.57
825569,6051.64
705496,6052.0
772395,6052.0
153987,6057.07
444904,6057.07
759223,6057.07
793178,6057.07
114493,6063.2
896592,6071.91
873415,6089.52
804259,6091.9
906346,6091.9
212230,6102.31
391761,6102.95
760645,6102.95
485280,6104.72
818454,6104.72
591476,6105.8
593868,6106.47
136230,6106.94
749441,6106.94
392582,6112.76
458773,6112.76
713981,6117.03
567865,6120.19
292049,6126.57
606811,6131.66
444202,6134.39
353486,6140.24
952393,6140.24
729677,6153.39
450888,6158.85
238063,6159.01
853826,6161.0
864967,6161.0
312863,6162.37
582244,6165.86
412944,6167.85
899760,6172.39
330694,6172.91
846732,6172.91
505522,6177.11
766091,6177.11
642020,6182.62
988927,6185.34
417564,6185.97
708337,6185.97
703711,6186.5
136473,6188.38
669373,6189.12
836443,6189.44
485557,6190.32
504589,6191.4
840326,6198.79
514369,6199.96
756592,6199.96
455991,6225.02
625621,6225.02
603079,6232.69
388448,6236.02
832663,6236.02
454440,6238.05
902515,6238.05
876569,6239.26
839967,6242.6
151571,6243.09
570784,6245.44
170027,6245.58
464771,6259.48
292164,6262.66
738432,6262.66
101902,6265.34
463606,6265.34
472521,6265.34
872158,6265.34
352424,6273.17
100816,6273.91
986461,6273.91
183754,6274.56
931537,6275.16
215314,6277.01
221287,6277.84
797845,6277.84
391106,6278.76
519766,6278.76
442956,6285.02
713132,6285.48
241967,6288.16
419648,6289.01
557469,6289.01
253601,6289.95
941170,6289.95
333680,6291.66
545917,6291.66
444060,6292.74
572647,6300.44
311684,6307.5
357173,6307.5
489501,6314.49
759603,6325.03
418958,6328.18
746502,6328.18
719213,6333.03
774275,6334.47
158401,6355.68
687951,6355.68
472879,6358.25
382243,6361.85
178335,6364.9
967300,6364.9
263766,6366.23
702915,6366.23
979449,6366.23
993170,6366.23
142371,6369.26
887464,6369.26
892517,6369.26
428130,6376.75
583165,6382.05
605343,6382.05
204994,6382.58
260838,6382.58
486860,6393.87
565811,6395.35
801953,6395.35
241391,6409.63
331706,6410.97
287979,6411.12
566696,6412.37
954329,6414.08
168887,6418.25
894799,6431.74
401055,6438.97
498694,6439.78
113558,6444.08
781187,6451.26
452417,6457.56
741470,6459.64
323311,6462.22
519300,6464.42
522618,6464.42
583227,6465.22
222280,6466.3
927937,6466.3
790450,6470.54
650420,6473.33
543599,6474.83
482673,6478.8
708210,6480.68
169129,6481.38
300678,6481.53
700918,6503.22
307256,6503.4
378857,6503.4
448136,6503.4
791978,6503.4
474272,6508.76
274817,6511.1
368675,6512.98
261767,6513.61
584463,6516.21
159800,6521.37
160773,6521.37
496014,6521.37
515315,6521.37
623222,6521.37
270266,6535.56
775407,6537.05
796627,6537.05
777561,6552.4
731540,6554.22
455319,6555.36
318199,6563.64
804510,6563.64
637396,6570.97
663133,6575.54
678722,6582.29
616183,6599.08
470998,6608.17
356618,6612.62
934893,6618.02
491369,6620.44
939593,6624.61
744304,6627.15
736504,6631.67
950336,6631.67
721786,6645.93
344570,6647.85
927165,6656.15
197192,6656.2
711864,6661.18
576051,6661.74
272551,6670.85
385861,6672.06
551961,6674.45
730008,6676.73
313708,6678.9
807970,6678.9
502023,6685.07
713039,6685.8
937476,6686.13
792332,6687.59
857516,6688.86
180216,6689.02
301793,6689.02
308480,6689.02
802196,6689.02
465095,6692.14
639117,6692.14
942779,6696.9
151554,6698.97
290091,6698.97
280216,6699.28
348173,6699.28
452684,6707.99
399555,6712.29
958941,6714.07
475233,6715.29
715184,6715.29
775768,6715.59
474305,6721.89
583565,6722.7
907038,6725.04
204375,6727.62
788515,6729.87
580508,6731.05
746235,6732.2
926106,6732.2
531976,6732.97
686397,6739.66
899287,6743.12
642901,6745.25
916478,6745.89
658310,6746.43
267474,6748.23
822555,6751.44
675057,6753.43
849330,6753.43
796541,6755.08
183224,6756.06
283709,6756.06
319092,6758.81
845488,6758.81
181498,6762.08
337818,6762.08
271043,6765.8
451183,6766.56
659882,6767.81
734727,6778.84
939103,6788.08
981434,6796.84
939319,6798.27
211524,6803.6
404920,6803.62
380059,6806.49
159680,6811.58
748105,6817.43
428383,6826.8
109612,6827.18
703621,6827.18
940874,6829.41
985757,6832.11
708160,6843.85
127185,6846.15
318945,6846.15
694021,6847.59
408990,6852.0
595624,6852.36
730715,6852.36
353648,6857.52
967241,6857.52
314713,6860.59
367685,6861.28
207576,6862.51
252450,6863.12
866417,6864.65
392206,6869.19
967727,6869.19
462833,6871.97
971097,6872.04
338346,6875.61
550173,6876.31
950896,6877.82
354442,6880.47
410373,6880.63
884505,6880.63
646756,6883.67
723707,6883.69
795820,6889.1
155795,6889.62
452279,6893.17
431392,6896.09
449084,6897.51
489549,6897.51
530613,6903.95
293685,6906.2
213979,6907.55
442980,6912.04
438383,6913.57
470802,6921.97
932453,6925.18
153953,6930.63
384737,6930.63
137999,6938.87
838553,6938.87
771943,6940.97
201115,6941.87
384602,6941.9
281328,6943.56
784271,6943.56
983242,6948.33
714206,6950.1
279468,6961.95
760166,6961.95
616667,6966.32
881818,6966.69
677963,6974.92
944454,6980.33
932270,6986.6
133065,6990.92
775724,6991.25
270730,6992.53
938482,6992.53
181852,6993.38
321457,6997.83
992986,7017.15
215952,7019.18
662973,7019.18
800450,7019.18
926494,7019.18
262574,7025.04
983809,7025.04
552364,7027.76
428922,7031.46
399973,7031.79
563386,7035.53
814067,7035.53
592145,7035.76
632974,7035.97
559622,7039.26
680569,7046.48
384818,7048.38
278928,7054.78
572448,7054.78
861480,7055.96
146086,7057.46
580341,7057.89
526349,7069.74
262351,7072.93
506418,7072.93
543852,7074.4
307631,7076.65
350059,7076.65
486776,7080.13
611247,7081.69
251095,7082.83
242812,7083.64
822727,7086.18
526344,7089.68
870522,7089.68
337925,7090.47
874363,7094.16
507555,7094.17
920716,7098.91
956558,7107.66
966580,7109.3
462993,7122.27
601027,7122.27
266536,7123.08
390924,7130.29
184035,7143.04
632398,7143.04
290994,7158.53
760672,7159.81
483212,7163.54
489108,7163.54
450995,7164.01
430323,7172.07
883055,7173.91
762117,7176.59
309352,7180.27
631853,7180.97
470272,7188.61
140042,7189.11
486117,7193.1
472702,7198.42
188328,7199.65
328543,7199.65
129372,7200.66
483627,7200.66
493061,7200.66
802425,7200.66
986792,7200.66
268139,7212.14
933642,7218.02
399214,7218.09
357901,7218.16
289921,7218.38
910492,7223.69
456140,7224.24
760876,7228.01
884611,7228.99
862979,7231.0
498587,7232.61
654389,7234.14
262526,7236.13
155820,7247.21
163260,7247.31
213177,7247.31
482681,7247.5
869712,7247.74
327365,7255.71
725182,7255.95
865494,7255.95
119633,7256.58
979355,7256.58
471204,7258.63
278539,7258.99
903327,7258.99
723015,7259.33
661118,7260.83
661587,7264.8
902192,7268.1
568880,7269.34
994374,7276.34
208234,7281.25
874601,7281.25
588943,7281.44
950961,7281.44
368045,7281.72
374421,7281.72
990122,7282.22
706425,7284.26
586686,7284.36
180024,7284.45
616875,7285.03
642043,7285.03
736646,7285.03
871627,7285.03
829505,7286.79
607538,7288.3
723112,7288.3
366540,7288.88
157212,7289.3
999902,7290.07
576911,7292.95
717150,7292.95
833397,7294.4
279380,7294.49
593252,7295.43
187459,7297.69
176688,7298.58
274473,7298.58
760111,7302.78
886803,7304.16
847312,7316.65
312490,7319.58
551248,7320.99
636413,7322.93
706962,7322.93
618871,7324.29
325778,7325.89
236395,7326.54
908246,7326.54
980575,7329.89
706125,7330.19
906158,7331.51
977303,7331.51
593190,7334.33
369188,7334.92
323776,7340.5
279777,7341.74
224691,7343.35
246690,7343.35
359029,7343.53
989262,7347.41
252135,7350.18
902277,7355.35
193020,7356.01
823319,7356.38
664008,7356.56
893266,7367.65
606875,7371.59
797216,7374.08
464117,7375.57
723438,7375.57
917191,7377.23
294184,7379.46
349577,7381.62
938031,7381.91
146702,7385.36
906946,7388.18
284782,7396.28
962455,7396.28
929455,7396.72
182205,7399.03
530770,7399.03
141047,7403.45
413243,7405.27
211842,7405.42
567319,7406.88
349220,7408.17
162180,7409.08
297702,7409.08
994707,7409.59
796213,7412.03
883841,7412.14
244762,7412.96
271357,7412.96
338285,7414.44
855007,7414.44
614830,7416.2
664799,7416.2
381539,7416.47
609532,7421.59
666680,7422.19
789148,7422.19
404846,7425.85
315242,7425.87
455474,7427.5
650529,7427.85
938830,7430.35
915194,7432.86
738874,7433.82
288500,7434.68
554888,7437.51
352280,7437.69
599184,7442.57
196202,7443.83
164388,7444.81
317683,7444.81
224661,7444.94
239276,7446.81
123944,7451.48
258123,7451.48
822901,7452.54
229436,7452.94
178157,7457.24
438525,7457.24
574640,7457.34
914959,7457.34
352242,7462.93
443557,7462.93
456128,7462.93
429849,7465.98
728135,7469.15
373044,7472.67
762681,7475.78
150383,7478.31
540316,7480.71
942413,7480.71
766335,7482.49
645919,7484.31
379414,7484.38
249270,7486.07
107571,7486.09
549034,7486.17
896861,7487.74
603739,7492.06
210298,7494.09
536409,7494.09
726940,7496.01
557633,7498.82
345959,7507.46
349108,7507.46
554572,7507.46
663573,7507.46
871380,7507.46
308214,7516.83
396048,7517.08
147241,7517.38
951389,7519.03
390190,7519.13
407404,7519.13
433300,7519.13
604783,7519.13
638237,7519.13
744117,7519.13
948950,7522.07
106838,7524.74
145449,7524.74
611667,7524.88
674876,7528.09
488151,7531.03
898698,7535.43
536092,7536.07
120583,7539.6
761674,7540.05
544421,7540.39
537701,7540.58
372622,7540.91
601332,7540.91
741657,7542.71
948616,7542.71
883816,7546.61
834012,7550.87
922786,7559.21
105073,7562.82
296915,7564.61
250391,7568.85
249019,7573.34
928153,7573.35
681984,7575.65
155965,7582.11
619548,7582.11
647933,7582.11
804438,7582.11
877384,7583.14
404431,7583.56
615214,7583.56
499913,7588.36
952573,7588.36
851845,7589.63
102615,7590.05
861104,7590.96
201709,7591.11
490487,7591.11
787249,7591.83
876062,7596.29
301094,7600.44
779468,7601.95
442792,7602.66
748810,7606.71
497476,7607.0
120434,7611.95
251432,7613.05
256731,7614.14
294005,7614.83
401769,7615.38
759785,7618.44
902241,7618.44
389430,7619.48
623537,7619.52
892502,7623.58
718199,7627.03
170655,7627.43
766024,7627.66
760508,7630.35
763615,7633.82
605341,7634.86
292843,7635.42
792707,7635.42
270389,7635.55
786230,7635.88
213303,7638.44
230687,7643.07
696502,7644.76
991213,7649.28
715678,7653.28
843919,7653.28
481660,7659.5
950193,7661.39
698937,7662.43
557739,7664.22
170443,7664.81
407768,7668.81
132914,7671.85
942819,7679.68
240141,7680.75
173938,7681.55
263302,7688.02
594044,7689.7
896951,7689.7
302056,7690.16
982542,7693.12
223380,7700.62
583513,7703.4
958005,7704.25
858417,7706.03
282759,7706.04
189914,7706.96
384928,7710.91
407641,7714.65
127882,7716.44
934134,7724.68
223638,7724.84
224607,7724.84
611873,7735.47
316307,7736.65
332855,7739.55
923108,7748.81
472009,7750.12
162658,7751.86
670939,7752.93
861079,7752.93
809681,7757.13
614634,7757.92
649680,7761.27
440928,7769.84
835484,7771.16
621072,7772.47
767507,7772.47
104586,7772.58
387880,7777.2
484243,7778.01
873436,7778.01
633299,7778.53
826984,7780.49
817527,7782.13
345090,7783.78
579726,7787.43
922614,7792.07
388985,7796.0
399397,7799.44
263781,7804.02
456294,7804.6
131680,7805.31
433678,7805.31
933656,7805.31
979262,7805.31
544890,7806.14
298795,7809.86
135312,7812.89
551313,7814.6
476571,7821.95
568442,7821.95
417838,7840.17
941092,7840.17
952955,7840.17
994609,7850.13
433017,7853.96
842054,7854.77
149884,7855.32
184207,7857.3
957214,7860.09
909262,7863.03
295795,7880.34
556879,7882.99
616920,7882.99
725086,7887.96
391939,7890.6
787001,7890.6
426720,7891.58
891516,7901.43
663757,7901.74
830503,7901.74
106397,7902.68
883212,7902.68
829684,7908.45
806168,7910.87
621951,7911.63
439350,7912.13
837215,7912.13
419776,7914.82
313538,7915.98
797854,7917.12
100018,7919.2
767774,7919.2
383969,7920.28
611436,7930.6
552936,7931.72
127311,7937.06
132705,7937.06
384336,7942.17
828353,7942.45
502708,7943.51
535233,7950.18
276937,7951.78
857878,7951.78
730726,7952.84
749257,7952.84
298813,7955.44
878327,7957.63
817168,7960.01
425436,7974.95
620858,7974.95
170799,7983.43
442879,7984.09
507503,7985.14
952717,7985.14
119009,7988.51
734459,7993.0
554712,7995.44
307848,7996.6
581913,7996.6
159272,7998.14
914352,7999.25
675879,8000.55
181139,8002.31
969313,8004.21
702884,8007.35
357381,8007.4
464447,8007.4
823740,8007.4
950660,8007.4
854742,8009.47
935420,8009.47
119015,8010.97
153998,8012.37
299359,8012.84
474342,8012.84
157902,8012.92
383421,8012.92
670294,8013.61
874044,8013.61
167016,8013.9
131036,8016.75
253635,8016.75
169699,8021.07
886299,8022.69
442831,8023.08
600923,8023.08
803252,8024.51
184754,8024.99
644945,8025.23
797714,8026.28
419893,8026.38
509223,8026.38
883255,8028.18
371511,8028.48
558451,8029.39
638004,8029.72
204935,8031.71
799690,8032.4
485281,8033.91
146560,8036.45
615561,8036.45
157674,8038.95
330343,8038.95
828817,8042.8
953795,8042.8
255333,8044.87
412803,8044.87
515165,8044.87
119460,8047.41
491244,8048.37
209022,8052.24
691262,8053.27
480909,8054.98
690797,8062.55
635084,8068.62
614307,8072.25
992476,8082.88
215955,8083.54
436235,8083.92
566961,8084.33
517867,8085.45
457535,8086.01
361710,8087.22
205111,8092.88
733370,8092.88
791282,8093.9
352092,8096.31
120126,8098.97
585978,8099.4
516474,8099.47
463971,8100.24
365468,8104.5
967233,8105.91
965691,8106.0
478912,8106.22
748033,8106.22
638207,8107.27
691077,8110.31
203698,8110.33
293343,8110.54
545421,8110.54
621006,8111.65
799630,8112.32
534905,8113.96
244734,8114.41
275287,8129.51
205197,8130.65
499482,8131.78
748682,8140.0
230101,8146.27
916317,8146.27
744711,8150.57
146028,8152.24
330783,8159.14
887069,8159.14
226804,8160.59
575574,8160.59
259532,8160.69
506149,8160.69
831545,8161.17
246421,8161.58
625183,8161.94
901819,8162.62
752826,8166.88
443595,8169.75
116164,8170.62
612703,8175.32
444300,8176.58
449223,8176.58
651959,8177.05
763702,8177.05
876326,8178.52
684889,8184.59
726980,8184.59
652499,8184.69
863432,8184.69
661451,8188.92
384548,8189.97
928238,8189.97
943756,8193.09
680444,8193.16
205413,8193.75
285767,8197.2
786287,8200.79
298063,8204.86
756646,8205.39
996745,8207.7
670230,8207.86
995662,8208.93
272568,8209.92
276255,8214.6
390203,8215.39
943602,8215.39
549415,8216.39
716690,8216.39
406564,8217.43
581999,8219.36
328198,8223.16
642784,8224.77
436874,8231.22
169131,8236.92
381472,8237.25
149912,8238.46
564841,8247.95
136464,8253.27
416783,8254.7
452464,8254.7
590621,8255.06
827194,8255.76
389741,8256.3
522866,8256.3
103970,8257.67
115322,8257.67
578788,8257.67
725129,8257.67
849549,8260.64
680878,8262.63
303246,8262.88
523979,8267.12
898514,8269.08
487228,8273.11
857619,8274.15
393130,8277.75
238434,8292.63
276100,8292.63
733181,8293.48
276967,8306.55
971318,8306.55
350271,8311.14
838993,8311.85
232450,8312.68
874780,8312.68
704559,8317.3
885474,8319.12
804890,8319.53
752140,8323.07
164224,8324.23
522572,8331.65
963502,8331.65
429238,8332.73
647133,8336.08
165759,8341.93
393309,8343.41
969800,8343.41
311907,8343.75
437074,8343.75
200065,8346.98
910391,8346.98
548565,8349.52
795283,8349.52
137968,8355.77
836550,8355.96
840515,8355.96
649802,8356.18
110073,8364.56
435156,8365.96
663270,8370.57
436318,8375.35
465424,8376.33
355126,8378.36
258184,8382.48
279693,8382.48
336817,8382.48
390980,8382.48
493337,8382.48
669065,8382.63
267566,8385.25
711319,8388.72
683239,8390.12
387834,8395.27
101709,8396.61
200321,8396.61
620480,8401.79
926277,8404.4
216517,8405.75
345238,8408.32
434965,8414.08
515981,8415.64
270337,8417.0
117169,8417.1
652194,8417.16
193917,8418.57
813868,8421.52
152936,8427.17
364137,8427.17
454668,8427.17
493088,8427.17
601068,8430.06
508402,8434.46
843233,8441.67
106444,8447.8
833576,8447.8
762990,8447.89
782284,8447.89
574542,8456.27
623903,8456.72
175711,8456.96
239606,8459.05
272225,8460.81
334224,8467.37
314718,8467.39
830975,8470.04
258323,8471.42
117240,8476.08
362823,8478.3
312074,8478.82
322169,8481.31
700705,8485.39
281979,8487.24
318845,8489.84
670606,8489.84
551055,8492.7
666761,8492.7
207484,8496.06
777875,8496.35
803407,8496.35
128534,8501.65
513446,8507.13
445282,8509.02
607555,8509.85
709415,8509.85
855198,8510.53
261957,8510.76
210734,8512.13
425940,8513.7
541410,8516.75
561321,8518.55
186942,8521.74
250280,8521.74
500437,8522.76
163301,8531.4
742822,8533.83
697477,8534.79
364067,8535.11
534505,8535.11
242980,8539.83
878582,8539.83
444646,8542.22
799655,8542.22
677717,8543.33
756065,8556.42
956438,8556.58
244652,8558.04
366654,8558.93
461937,8558.93
319464,8560.16
758210,8560.16
262366,8564.77
575844,8564.77
577795,8564.77
644630,8564.77
779066,8564.77
901582,8564.77
914088,8564.77
974630,8566.42
680553,8569.42
426981,8573.46
539322,8581.28
570668,8581.64
171691,8586.53
732524,8586.8
701235,8590.33
178081,8591.31
679638,8591.6
199810,8593.87
411533,8593.87
747939,8595.67
641970,8595.73
924153,8595.73
625557,8605.5
906615,8607.48
682819,8608.16
179944,8609.16
457605,8609.16
795235,8609.16
482424,8610.67
168385,8613.46
157300,8617.55
472225,8618.3
331598,8621.0
311636,8621.17
496668,8621.17
153439,8621.19
402251,8622.84
511226,8622.84
960050,8622.84
525918,8624.92
782282,8625.84
341728,8628.3
155253,8629.33
258067,8630.7
950437,8634.36
243734,8635.4
613185,8639.09
809733,8639.09
547407,8639.5
169603,8641.53
275954,8641.53
538877,8646.5
812899,8646.5
875232,8646.5
572812,8646.55
834306,8646.55
256483,8647.14
466384,8647.14
565452,8649.18
638389,8649.18
809216,8649.7
203815,8650.0
997395,8650.0
426439,8652.65
465891,8657.97
380247,8658.86
662380,8658.86
753814,8658.86
917585,8658.86
294278,8661.74
496686,8663.36
544493,8663.92
919055,8663.92
290638,8672.19
632556,8672.19
815541,8675.99
840120,8675.99
177814,8678.51
339274,8681.05
817822,8682.23
248461,8689.82
351615,8689.82
636293,8692.28
210205,8692.64
262336,8693.65
583718,8696.91
927887,8704.28
166537,8708.02
632816,8709.85
281032,8711.3
586076,8712.16
233958,8714.92
523188,8714.92
675405,8714.92
705633,8714.92
203033,8717.05
427036,8717.05
549982,8717.05
857949,8717.05
184735,8717.78
298712,8717.78
453448,8722.9
608159,8723.67
416940,8733.53
455068,8737.84
139974,8738.4
794951,8738.4
942703,8742.47
655016,8743.85
129071,8750.22
252531,8750.71
688168,8754.16
530051,8767.63
917998,8773.51
288735,8776.36
529579,8776.36
891179,8779.09
882353,8783.17
899883,8788.53
597981,8789.88
391927,8791.44
454022,8791.44
784608,8793.52
357138,8797.83
538770,8797.83
670215,8798.31
794502,8798.8
327098,8804.54
963757,8819.02
640163,8823.85
398819,8826.61
369091,8826.96
716961,8826.96
250586,8827.23
769361,8828.38
735666,8835.16
190791,8837.33
126308,8838.09
390022,8838.09
416575,8838.09
500788,8838.09
882443,8838.09
427804,8840.19
396267,8845.71
952222,8845.71
873045,8852.69
990598,8861.15
384750,8870.67
665100,8873.2
235454,8873.53
833998,8875.97
175804,8879.79
861879,8879.79
443985,8888.14
701617,8888.88
394979,8888.89
464220,8900.42
245800,8901.68
952959,8902.74
617484,8903.97
430618,8915.17
276947,8920.46
580592,8925.63
417825,8932.32
622302,8935.03
397947,8935.27
139518,8954.43
592966,8966.31
321734,8973.11
912128,8982.85
135578,8986.61
933807,8986.61
847283,8992.78
142190,8996.77
574506,9000.44
408886,9002.12
101664,9002.41
307049,9007.43
726544,9009.22
337453,9011.13
166239,9011.76
711625,9012.92
223313,9015.92
924796,9022.08
988392,9022.08
833052,9024.2
194009,9027.87
288636,9029.71
391900,9031.21
499128,9031.21
743798,9031.21
779159,9031.21
899825,9031.21
756355,9032.37
175584,9035.67
435097,9035.67
612162,9035.67
797991,9035.67
996086,9047.12
499945,9048.98
878929,9048.98
362841,9050.76
921489,9051.91
166705,9057.94
927676,9060.2
439068,9061.95
926058,9067.66
765223,9075.77
880580,9075.77
970637,9075.77
979703,9075.77
213480,9080.28
921403,9080.6
216040,9085.2
981536,9087.59
404801,9090.27
400272,9095.05
772081,9095.05
817074,9095.05
756317,9095.74
950593,9095.74
794677,9100.79
123344,9102.9
149318,9103.7
199374,9103.7
713465,9112.04
716533,9112.04
411583,9112.27
572505,9113.69
236701,9114.28
394927,9115.57
523210,9118.15
532592,9118.15
116016,9118.93
376072,9122.93
494498,9122.93
618409,9123.91
201365,9124.6
206108,9129.87
997121,9135.29
379446,9150.14
337980,9155.24
654919,9162.06
876269,9171.0
322606,9175.17
342583,9175.17
770634,9177.95
979115,9180.15
139270,9185.03
191869,9209.41
138565,9212.61
420439,9215.54
575145,9217.13
991638,9217.98
850828,9223.99
950356,9233.19
212848,9234.28
208584,9238.31
401645,9244.35
135554,9247.55
422204,9267.92
663402,9267.92
908120,9269.68
327285,9277.23
454073,9277.47
778865,9294.09
542636,9312.59
593651,9320.28
152007,9322.09
195684,9332.49
737477,9337.9
975749,9339.34
966512,9344.43
255818,9350.87
396018,9354.13
854835,9366.82
550575,9369.64
917983,9369.64
555947,9371.77
879177,9371.77
892000,9378.9
936010,9378.9
116332,9386.75
313681,9388.16
118514,9393.97
624065,9403.88
589765,9406.38
812149,9407.45
820541,9408.34
509149,9415.53
496233,9415.9
579438,9416.28
955479,9416.91
159856,9419.88
113476,9420.97
707754,9421.1
626510,9422.57
918042,9426.97
972994,9426.97
110262,9427.68
304764,9429.08
923680,9429.08
261468,9429.63
240761,9438.92
689477,9445.65
959977,9453.0
858013,9460.18
941380,9460.18
773986,9463.11
464114,9468.51
268293,9470.06
929097,9472.97
492159,9486.04
565876,9486.6
248885,9490.41
768010,9492.34
817573,9498.47
263339,9500.08
848804,9517.08
871045,9517.08
123420,9540.92
155623,9540.92
179042,9546.82
883002,9551.17
693852,9559.34
618817,9567.71
446096,9575.76
201898,9591.03
243455,9597.47
514235,9613.61
858453,9618.31
257393,9624.52
972795,9624.52
875560,9624.94
547522,9635.58
980494,9638.07
699397,9640.53
561053,9654.52
898229,9654.52
173356,9655.44
663382,9655.44
462247,9657.58
533365,9657.58
619404,9657.58
370014,9661.1
672308,9661.1
855190,9664.33
647726,9667.13
112026,9670.18
853540,9688.13
400513,9688.33
755014,9688.33
212707,9696.55
120192,9701.03
201475,9705.31
374941,9713.16
502141,9713.16
332430,9747.99
941882,9753.31
872814,9756.04
969378,9756.04
608504,9766.22
902562,9766.22
998580,9767.94
606600,9774.61
329826,9778.73
723912,9780.85
491513,9783.63
665031,9799.18
192355,9800.34
651645,9807.83
147602,9817.03
514042,9837.51
945703,9840.08
828852,9868.6
505871,9875.09
381748,9880.1
533950,9880.39
973070,9880.39
131721,9886.66
314842,9886.66
138873,9890.21
223081,9915.9
135872,9927.05
863093,9927.05
812373,9928.87
618523,9939.26
705113,9939.26
659112,9942.3
765955,9942.3
375814,9955.49
969687,9983.13
289732,10003.25
585275,10004.03
710364,10004.03
419275,10016.29
264145,10025.92
658726,10033.28
256920,10036.54
314898,10036.54
140735,10056.51
284362,10056.51
792932,10058.74
198713,10064.61
713853,10080.37
349490,10083.49
369242,10083.49
985320,10083.49
921886,10089.79
189836,10097.2
788870,10097.2
753456,10103.65
759847,10103.66
605790,10110.78
984086,10110.96
442249,10115.45
858222,10127.77
866295,10155.3
546827,10169.37
938822,10171.34
300606,10171.48
392335,10171.48
189822,10179.72
678243,10179.72
138025,10208.93
290554,10208.93
653081,10208.93
681593,10208.93
705006,10208.93
907077,10208.93
842793,10209.02
273144,10212.02
311857,10215.78
112894,10221.81
895346,10221.81
826149,10242.41
459128,10248.9
524951,10272.61
649994,10295.47
413101,10298.39
165893,10302.9
206207,10307.65
584833,10307.65
697162,10314.52
222102,10330.44
752259,10330.44
577278,10340.46
685546,10346.32
455758,10357.51
931657,10357.63
486143,10369.39
148767,10373.89
696864,10373.89
437403,10388.99
672649,10390.67
894532,10392.96
767648,10396.53
521225,10408.97
521486,10408.97
912984,10408.97
956477,10419.17
225920,10425.99
821712,10426.09
365596,10442.45
251874,10442.65
660684,10442.65
839494,10455.49
432200,10477.78
467631,10479.9
540109,10479.9
893294,10484.92
919285,10484.92
684491,10487.74
978934,10506.77
405318,10506.88
266757,10506.94
643912,10506.94
593386,10507.5
654122,10507.5
668843,10507.69
707424,10515.97
725962,10515.97
411686,10517.16
481860,10524.71
164017,10529.01
812417,10529.01
473786,10536.08
438698,10541.11
732368,10541.11
124761,10546.66
126581,10546.66
502390,10548.54
940760,10548.54
914609,10551.15
717250,10552.17
233877,10552.88
768996,10552.88
932526,10570.79
323542,10571.54
637580,10571.54
183208,10575.95
131342,10581.28
331094,10592.59
424126,10593.59
869226,10595.81
437357,10611.56
485040,10620.49
840376,10620.49
488724,10629.22
187887,10633.5
113679,10634.84
188542,10640.94
579990,10640.94
295412,10656.88
523904,10656.88
702269,10656.88
561917,10662.63
169665,10676.59
178720,10677.25
813725,10677.25
160779,10706.67
819315,10714.21
882544,10714.21
853704,10721.61
521252,10722.06
538550,10737.68
851931,10747.03
704603,10781.61
787018,10787.12
872079,10787.12
622527,10793.76
992488,10808.07
616746,10820.0
714379,10820.0
242917,10827.87
986055,10828.37
601940,10834.87
740754,10834.87
222644,10861.52
882466,10876.48
233831,10881.77
216139,10883.79
286614,10896.05
759899,10896.05
122283,10899.3
227293,10899.3
669368,10901.23
696199,10914.2
904920,10915.36
781777,10925.82
344671,10932.21
274204,10952.13
312933,10952.13
576184,10954.38
682356,10963.96
861470,10963.96
904736,10963.96
539739,10970.13
213934,10972.07
461199,10972.07
719162,10972.07
818940,10972.07
563217,10978.78
679155,10978.78
362293,11003.02
564305,11005.02
659205,11005.02
329302,11009.13
280588,11042.29
470739,11044.43
694512,11064.29
680485,11077.69
744612,11085.88
444154,11124.21
828040,11124.6
127279,11131.57
584564,11131.57
460943,11140.3
296141,11172.5
176521,11196.02
314317,11196.02
357567,11196.46
734791,11196.46
977274,11211.59
202182,11228.29
522758,11228.29
389488,11236.31
700958,11243.9
139356,11250.1
355515,11250.1
979983,11269.23
974606,11277.72
360730,11280.73
221775,11293.98
116045,11308.47
492433,11314.24
516133,11314.24
351897,11315.2
399704,11315.2
423254,11315.2
579584,11315.2
946645,11318.13
687463,11323.36
915286,11360.46
696504,11365.27
954293,11373.99
225576,11378.89
605269,11431.73
726688,11435.23
795840,11436.43
802002,11447.51
883155,11469.63
664493,11513.16
967502,11513.36
560990,11516.41
530955,11533.48
929302,11533.48
515134,11533.97
645244,11546.17
937254,11546.17
959673,11572.1
856830,11606.85
113656,11618.56
339573,11628.73
267717,11631.88
108481,11633.58
676408,11633.58
423228,11638.67
307033,11638.9
484774,11638.9
573458,11638.9
372755,11665.1
909260,11692.01
811335,11701.07
460770,11702.35
742281,11714.78
238442,11718.42
510182,11760.88
535482,11760.88
131321,11763.15
645114,11763.15
429244,11763.94
951719,11772.79
336281,11790.5
673424,11790.5
927703,11790.5
636813,11793.13
967490,11814.48
256360,11814.53
658076,11830.95
933682,11833.77
241468,11834.73
728386,11836.3
738890,11836.3
405928,11855.14
475532,11875.9
198147,11880.97
234435,11895.18
302839,11895.18
566182,11900.54
721973,11905.07
458745,11926.75
246736,11944.4
703374,11955.4
275637,11971.98
148487,11981.98
581531,11981.98
585495,11981.98
685631,11981.98
711285,11981.98
863223,11981.98
988552,11981.98
519742,11982.42
526481,11986.59
517538,12010.94
707762,12022.39
261125,12023.75
108666,12036.62
560149,12036.62
624487,12036.62
657980,12036.62
884875,12045.67
635026,12052.89
199603,12052.98
444652,12067.46
698510,12148.94
470450,12157.33
565602,12168.64
891604,12168.64
356828,12168.74
478890,12168.74
930774,12168.74
789892,12174.59
856348,12174.59
932623,12174.59
436041,12231.88
372111,12255.12
278464,12263.11
878518,12265.6
872752,12275.34
432941,12280.77
607997,12280.77
720131,12280.77
913153,12280.77
263592,12296.5
472719,12300.01
869276,12300.01
924630,12302.76
786255,12313.16
857771,12315.09
803177,12321.84
717891,12324.27
946070,12349.7
580554,12350.06
891727,12357.12
208517,12362.09
354547,12362.09
941683,12383.53
412429,12427.39
912252,12465.92
343884,12515.18
628475,12515.18
201273,12516.92
733728,12519.8
733096,12521.42
776453,12547.43
761613,12552.65
932244,12584.01
630711,12590.94
589101,12622.83
782804,12624.96
980338,12655.53
828731,12663.6
456367,12663.99
242304,12682.25
929913,12687.15
709238,12689.43
606214,12723.15
295327,12731.95
419748,12731.95
540380,12731.95
851981,12731.95
948693,12731.95
247391,12734.21
937228,12734.21
667634,12741.85
840059,12741.85
884522,12741.85
102376,12765.78
259110,12767.23
470671,12779.9
189775,12786.67
646189,12807.09
253466,12836.01
283807,12846.45
312630,12866.89
918017,12875.6
766012,12877.78
663098,12883.81
939856,12898.59
515826,12902.09
475535,12904.94
725120,12904.94
151036,12919.42
845820,12941.73
887511,12941.89
254230,12948.4
439361,12989.82
362471,13009.24
928644,13023.93
185830,13024.13
187318,13024.13
389928,13024.13
444366,13024.13
939098,13024.13
418793,13024.22
445496,13046.65
773865,13057.01
329735,13057.17
151327,13061.52
347231,13080.79
835973,13080.79
372663,13081.31
672904,13083.49
841373,13083.49
579931,13094.61
157704,13104.3
319052,13104.3
229265,13107.93
741244,13110.55
618390,13111.11
814112,13111.11
221361,13118.74
277565,13118.74
900753,13151.83
377928,13156.75
328116,13160.34
609664,13160.34
192994,13171.01
298671,13171.01
805598,13178.43
301603,13197.93
675240,13197.93
852012,13197.93
307047,13211.01
847772,13220.8
683503,13223.04
220794,13248.64
655995,13265.96
757416,13270.94
826589,13270.94
703104,13283.86
523399,13295.6
648586,13297.64
124931,13297.71
575833,13297.71
161956,13306.18
489279,13306.18
880805,13352.56
867757,13357.45
652518,13367.87
207001,13372.02
975846,13372.02
198010,13372.33
543285,13379.81
432843,13411.31
373242,13419.4
263246,13422.06
110065,13432.0
172491,13447.37
200519,13448.81
788001,13450.96
103383,13466.92
600712,13466.92
666189,13466.92
738473,13466.92
256003,13494.76
881000,13494.76
889569,13502.63
165742,13552.78
576074,13559.39
942017,13559.39
315235,13561.2
426429,13561.2
602275,13623.62
116732,13681.71
436010,13727.8
745920,13727.8
988638,13727.8
285335,13736.13
722003,13736.13
770452,13736.13
195960,13742.54
390297,13749.37
655957,13755.54
257417,13759.15
599394,13770.98
953198,13770.98
728228,13776.74
863459,13780.49
901461,13798.48
460894,13840.16
307032,13862.1
486909,13864.38
160740,13869.93
326028,13869.93
573681,13869.93
815841,13869.93
981195,13881.04
333064,13891.74
792103,13891.74
426223,13897.39
545410,13918.53
990218,13955.57
614000,13989.85
377444,13995.69
721406,13995.69
302258,14010.53
101487,14024.36
286636,14024.36
397934,14024.36
406252,14024.36
555118,14024.36
874267,14024.36
182235,14031.7
290620,14031.7
697393,14031.7
829316,14065.3
397099,14084.49
886439,14084.49
161338,14131.12
594598,14137.23
237312,14158.61
728302,14181.64
212602,14191.6
929871,14194.15
645508,14196.97
116999,14228.23
631854,14230.32
762671,14246.15
969938,14260.91
290564,14267.93
634615,14274.55
999524,14325.15
478284,14333.92
111573,14349.86
975477,14349.86
581513,14376.55
145322,14382.56
243005,14428.87
306400,14432.75
823590,14432.75
121139,14435.67
187835,14435.67
307623,14435.67
331697,14435.67
719736,14435.67
656036,14439.8
155020,14455.86
954454,14472.58
430670,14476.12
408170,14503.02
919338,14510.44
905787,14514.01
536794,14536.79
665679,14558.42
340927,14566.09
809107,14567.27
218917,14635.45
334192,14635.45
739808,14635.45
855635,14635.45
969617,14641.52
645145,14709.0
681399,14709.0
986623,14710.43
211058,14718.12
104673,14723.41
330562,14727.51
209994,14741.76
611084,14748.92
654433,14789.62
200708,14862.76
907252,14862.76
893040,14917.33
251012,14944.84
276484,14962.37
377464,14980.05
462701,15000.84
715797,15000.84
445251,15002.6
772484,15014.09
858817,15016.19
182543,15023.6
228557,15025.19
968225,15031.56
886876,15055.54
368027,15096.27
384409,15096.27
257506,15114.4
299464,15114.4
117053,15118.9
265784,15144.41
136106,15173.97
221709,15245.25
545127,15251.58
128975,15261.41
991275,15261.41
866403,15262.96
742009,15265.81
332823,15266.48
356613,15272.8
952911,15284.33
967637,15320.22
445704,15320.37
332027,15328.46
778027,15362.35
225363,15363.85
571180,15363.85
321213,15374.18
190405,15394.87
619537,15417.68
780298,15467.79
968312,15467.79
487486,15481.25
807769,15483.53
945455,15483.53
287266,15485.8
445599,15487.44
738096,15488.43
703109,15506.93
512358,15512.56
380843,15531.79
633640,15550.19
194886,15558.44
594200,15563.37
691365,15613.95
616374,15626.28
776931,15638.58
768415,15641.26
469702,15656.03
485795,15672.7
308362,15673.14
350692,15727.13
850359,15759.62
107420,15771.39
366500,15771.39
860032,15785.3
135134,15806.53
456632,15808.76
459517,15839.09
708807,15886.03
474846,15936.58
441631,15950.02
612186,15950.02
828232,15956.03
884570,15956.03
130077,15956.52
695978,15984.53
488044,15994.01
998085,16005.51
916880,16007.95
328111,16060.07
928922,16060.07
939431,16068.35
112863,16107.19
978907,16107.19
178459,16138.42
907945,16152.9
497784,16236.48
651694,16256.81
952602,16261.17
112142,16272.74
219555,16301.97
828862,16301.97
487727,16304.3
493819,16304.3
746296,16320.77
709982,16344.61
511437,16407.66
227398,16464.37
520660,16468.22
732694,16468.22
898887,16468.22
800945,16473.17
855530,16473.17
513123,16477.77
139022,16504.96
973728,16515.01
504919,16525.38
263069,16531.7
885176,16531.7
659731,16548.86
783165,16553.23
914074,16675.9
204840,16681.33
696128,16699.46
729084,16699.46
188136,16705.1
364596,16710.84
390377,16727.56
807942,16728.34
438593,16793.97
935161,16793.97
577360,16794.31
958915,16798.86
197890,16922.13
984429,16936.27
615411,16938.3
843665,16963.84
732813,16979.8
376144,17002.02
460272,17006.0
432655,17029.89
740763,17085.41
894448,17103.79
881749,17109.39
199478,17114.33
533388,17208.06
350979,17223.07
436419,17223.89
232884,17250.75
572663,17253.73
212350,17254.04
352501,17367.27
328623,17367.53
634900,17367.53
824712,17429.88
115705,17435.68
135421,17441.64
396471,17476.64
408915,17476.64
491310,17484.53
505798,17484.53
252271,17497.52
428765,17497.52
703972,17497.52
824163,17530.04
757834,17569.16
244398,17602.51
868154,17622.13
107037,17732.46
219160,17732.46
448273,17738.2
731286,17776.82
755145,17786.28
208961,17793.61
546177,17817.46
937911,17840.2
667157,17857.97
472692,18061.92
566951,18089.8
716548,18131.19
936273,18196.64
424216,18205.67
962989,18205.67
823998,18269.54
745870,18321.42
363983,18361.56
189613,18399.83
494515,18453.58
695564,18474.71
553879,18504.28
573830,18544.3
968497,18569.5
792277,18591.55
793384,18591.55
430197,18634.73
447387,18677.85
772362,18690.34
447675,18704.85
413659,18726.15
675956,18853.74
396920,18892.2
319947,18939.51
276037,18943.27
758840,18943.27
166846,18948.35
314372,18975.46
727573,19045.5
153395,19079.1
522677,19088.34
184678,19160.99
449555,19160.99
528226,19160.99
644265,19160.99
842835,19160.99
953614,19160.99
390880,19174.63
676877,19174.63
415446,19185.07
282678,19237.77
815850,19237.77
828182,19253.03
687262,19278.82
472373,19323.24
131253,19327.87
194480,19338.53
376484,19338.53
684305,19357.37
863374,19363.53
905161,19393.21
278164,19435.63
342980,19480.5
652431,19504.47
277375,19582.47
678925,19606.36
703507,19685.41
961264,19688.32
400802,19776.57
640831,19776.57
670002,19837.31
550434,19884.92
492505,19927.64
548037,20003.14
596173,20003.14
569940,20018.2
987530,20067.4
396155,20090.44
605134,20090.44
137850,20096.89
512169,20096.89
661411,20096.89
711565,20096.89
241677,20171.96
825484,20215.39
216666,20370.77
721494,20395.97
118376,20455.25
905806,20455.25
197086,20467.72
304080,20498.83
775520,20531.65
409051,20534.39
590280,20552.62
737842,20579.69
296095,20604.02
430097,20631.15
432366,20631.15
175169,20635.08
784710,20700.86
406411,20708.26
258166,20864.31
357298,20885.56
730214,20936.33
811333,20946.19
157751,20957.61
789149,21101.21
667398,21112.54
540112,21151.23
744746,21159.3
823113,21172.39
482922,21205.38
467222,21240.94
204424,21283.64
477219,21343.47
817298,21418.36
106757,21423.64
210755,21423.64
272476,21423.64
476648,21423.64
676669,21504.34
922815,21504.34
947026,21528.57
162155,21531.33
234807,21569.34
715271,21569.34
876243,21592.1
496329,21710.28
881428,21740.03
259446,21768.7
695987,21850.35
465476,21850.84
375371,21886.2
414433,21892.35
107296,21892.94
521043,21914.41
481851,21920.81
885763,21941.86
488647,21991.62
324049,22041.86
968842,22056.0
745354,22062.55
686232,22093.62
835240,22103.51
916269,22103.51
942952,22103.51
965713,22103.51
604510,22118.81
504564,22185.88
519419,22185.88
671115,22217.97
471000,22242.52
677404,22256.69
772194,22261.02
869804,22305.32
983440,22305.32
851901,22315.06
337148,22332.44
847704,22332.44
295561,22337.16
248265,22425.26
875789,22445.28
822995,22523.71
219779,22563.62
155348,22647.22
205697,22658.54
827215,22658.54
411420,22693.29
179153,22754.66
205826,22754.66
602931,22762.21
346560,22837.14
277855,22895.35
348600,22895.35
863219,22952.07
524055,22986.15
825730,22986.15
859516,23020.89
737534,23055.57
677217,23086.36
600432,23144.13
170152,23187.15
958283,23187.15
705020,23208.39
194722,23331.83
225486,23435.73
885871,23435.73
670751,23515.85
347914,23536.75
336902,23594.68
709656,23594.68
796900,23594.68
823567,23594.68
921777,23594.68
342483,23706.11
107993,23740.12
412186,23747.47
670131,23813.52
143151,23866.16
643643,23875.48
955750,23893.3
577398,23981.54
736685,23984.62
844477,23990.15
781963,24084.54
398965,24127.5
410202,24127.5
555745,24127.5
977550,24127.5
448812,24143.88
436282,24186.88
636213,24238.66
864128,24258.71
424098,24337.38
740083,24338.51
292384,24552.87
596911,24636.97
636749,24672.66
681032,24723.18
237107,24826.89
896095,24868.24
448751,24980.23
719300,25002.02
767175,25030.38
733467,25093.57
605768,25169.19
963067,25253.1
348994,25390.55
376725,25401.52
324997,25464.82
464256,25464.82
160905,25581.61
365557,25581.61
196757,25626.71
321027,25626.71
113779,25640.24
624881,25763.41
219270,25807.06
282259,25807.06
529544,25807.06
870281,25830.91
399943,25900.2
763406,25997.75
280822,26134.91
572073,26180.81
683901,26197.41
790008,26197.41
841324,26197.41
699281,26200.83
667275,26223.81
953693,26223.81
150301,26232.85
606004,26338.59
268414,26346.09
643669,26346.09
267306,26416.25
846313,26453.94
266640,26462.76
107730,26511.6
649194,26770.45
450665,26843.12
574688,26864.2
403764,26900.27
999513,27064.46
833148,27069.5
915009,27287.5
375467,27382.82
600541,27440.61
116735,27443.47
247551,27443.47
206050,27495.42
675409,27564.74
144615,27666.3
933187,27776.29
239476,27789.69
568870,27789.69
750153,27789.69
351937,27929.96
717229,27937.75
996900,27937.75
260000,27945.89
615131,27990.27
813352,28393.33
121351,28421.57
206925,28432.0
467359,28432.0
191626,28486.07
644865,28685.83
821918,28799.95
972129,28799.95
149348,28824.06
960959,28824.06
837269,29049.71
611029,29091.24
602585,29232.69
960441,29577.28
709724,29589.94
355578,29676.81
740063,29676.81
961965,29830.39
167491,29874.74
651377,29973.42
680738,30061.69
108430,30081.37
776443,30141.62
398839,30286.69
243273,30475.78
187838,30591.61
946439,30591.61
530880,30763.26
904397,30850.59
939399,30859.36
300371,30909.22
499874,31269.27
532997,31316.61
103969,31410.93
173673,31516.51
562510,31920.77
183129,32021.4
483274,32227.08
880402,32269.85
525612,32474.77
103151,32613.69
961440,32613.69
171350,32643.08
944636,32677.34
300460,32725.3
224178,32777.3
212301,32861.26
798533,32871.75
905854,32961.15
571992,33053.27
974875,33053.27
191656,33451.79
193519,33473.35
255320,33473.35
688132,33473.35
727091,33473.35
498028,33873.18
339880,34243.51
181184,34611.38
906217,34611.38
273054,34708.87
728009,34931.0
401824,35062.65
278013,35186.26
759551,35440.14
512471,35444.31
402966,35537.85
834576,35692.17
867561,35850.6
578998,35900.08
863262,35944.71
744181,35984.1
380001,36057.54
648455,36057.54
545534,36181.03
923527,36181.03
491481,36470.3
309041,36695.91
187077,36860.91
939571,36946.06
912940,37150.83
302827,38230.21
797704,38410.6
168290,38445.86
856496,38496.95
491907,38545.71
675419,39400.19
447771,39769.56
849510,40440.76
687533,40636.67
767971,40636.67
683276,41075.43
225746,41143.09
248497,41143.09
379562,41491.74
343139,41745.01
345765,41745.01
123525,41787.9
175528,41787.9
374967,41787.9
607565,41787.9
749430,41787.9
902966,41787.9
559111,41855.17
190524,42389.01
266561,42462.97
563086,42462.97
625033,42561.63
643300,43026.52
353369,43217.22
309456,43290.5
923959,43290.5
651097,44520.14
570299,44795.47
258296,44856.11
710029,45708.65
760424,46302.08
746031,47155.63
529331,49221.43
364710,51016.07
566374,51016.07
333051,51426.25
642323,52811.49
798869,55277.45
977244,56675.94
801738,57520.5
219139,58166.55
228030,58753.88
433172,2738.0
697356,2738.0
225318,2739.06
551533,2742.8
926083,2742.84
240044,2743.55
583327,2743.55
586944,2744.08
856406,2744.17
946771,2744.17
994044,2744.52
262422,2744.74
864485,2745.13
571942,2745.25
298853,2746.12
336882,2746.12
343547,2746.9
434922,2746.92
804816,2746.92
302921,2747.43
973897,2747.43
142763,2747.77
291148,2748.8
302804,2748.8
741848,2748.85
746853,2748.85
332780,2748.93
373204,2749.41
751270,2749.41
602384,2750.54
758432,2750.54
203745,2750.88
156138,2751.25
373950,2751.37
161557,2752.66
326699,2752.66
823663,2753.16
854812,2753.16
890232,2753.31
559619,2753.78
627869,2753.78
780525,2754.14
346205,2754.46
985427,2754.46
850245,2755.22
915948,2756.47
479015,2756.94
659251,2756.94
949829,2757.38
426536,2758.33
621695,2758.5
370090,2758.7
653636,2758.7
663514,2759.62
260726,2759.98
397891,2759.98
405339,2759.98
508456,2759.98
576057,2759.98
614373,2759.98
724272,2759.98
582067,2760.48
628596,2760.48
113363,2760.95
172345,2760.95
103985,2761.69
357903,2762.8
860684,2764.03
531515,2764.49
653539,2764.49
150134,2764.8
316527,2767.5
825464,2767.5
123697,2767.59
467151,2767.59
613195,2769.25
976834,2769.25
136049,2769.73
122206,2771.05
173873,2771.05
203973,2771.05
276204,2771.05
291595,2771.05
606852,2771.05
952532,2771.96
971637,2771.96
746772,2772.44
454750,2772.5
141139,2772.84
308144,2772.84
632515,2773.46
612370,2774.8
840882,2774.8
437262,2775.08
825315,2775.67
760061,2776.32
603005,2776.58
127289,2776.63
435883,2776.75
537124,2776.77
849884,2776.84
523246,2777.34
684296,2777.53
859972,2777.53
833783,2778.32
779929,2778.9
196583,2779.85
735627,2779.85
549537,2780.2
461353,2780.73
920321,2780.85
185129,2781.45
891097,2781.45
443130,2781.59
607480,2781.59
365421,2783.58
369943,2783.58
727497,2784.91
600792,2785.42
688691,2785.42
623946,2786.66
302134,2787.42
767494,2787.42
637765,2787.5
647791,2787.5
278987,2787.54
695076,2789.75
384146,2790.23
456167,2790.23
488303,2790.46
895537,2790.46
529415,2790.68
591547,2794.91
142224,2795.32
106689,2795.41
410341,2795.41
948825,2795.55
525525,2795.74
683699,2795.74
210485,2796.8
717780,2796.8
546869,2797.67
261423,2797.76
715369,2797.76
173506,2798.68
579943,2798.68
174923,2799.47
105074,2799.75
724222,2799.75
327019,2801.56
451740,2802.62
987482,2803.6
555398,2803.8
778317,2803.8
176848,2805.1
626070,2805.1
323735,2805.18
958743,2805.18
137209,2805.29
390209,2805.29
286975,2806.7
919832,2807.05
387553,2808.08
867801,2808.61
609650,2809.77
298535,2810.46
424139,2810.46
459163,2810.46
593116,2810.46
668970,2810.46
707974,2810.46
831987,2810.46
372522,2810.67
675506,2810.67
816705,2810.96
527067,2811.96
802200,2811.96
565074,2813.31
853421,2813.31
651210,2813.51
574005,2813.69
377173,2814.21
706792,2814.21
346828,2814.44
370959,2816.57
104849,2816.76
339220,2816.76
836523,2816.76
526579,2818.31
331184,2821.0
479950,2821.0
371368,2821.1
780150,2821.1
849569,2821.35
684826,2821.95
862932,2821.95
104431,2822.59
822723,2822.59
243018,2822.73
718922,2822.73
472405,2823.5
240861,2824.68
305100,2824.85
329446,2824.85
648231,2826.8
810028,2826.8
331857,2827.33
456117,2827.33
873977,2827.44
480872,2828.1
515634,2828.1
801607,2829.31
249811,2829.86
671906,2829.86
530214,2831.59
826230,2831.59
480203,2831.68
486890,2831.68
190570,2832.51
273070,2833.8
444748,2834.65
526479,2834.65
945166,2836.68
396996,2837.01
639466,2837.11
732144,2837.11
998078,2837.16
100140,2838.07
646225,2838.07
279580,2839.3
664771,2839.3
482940,2839.8
662045,2839.81
666877,2839.95
444371,2840.3
512640,2840.3
952026,2840.85
264034,2840.9
509962,2841.44
950216,2842.03
868719,2842.82
400958,2843.15
641586,2843.56
496403,2844.85
737755,2844.85
234630,2845.52
622975,2846.17
641162,2846.17
614441,2846.25
652756,2846.25
463882,2846.65
904669,2846.65
955666,2847.97
225930,2848.56
574081,2848.56
712521,2849.25
369867,2851.16
181377,2853.37
407468,2853.51
882263,2853.51
499583,2853.6
376618,2854.11
154644,2854.27
683356,2854.27
753637,2855.69
923062,2855.93
723969,2856.95
846215,2856.95
231084,2857.11
765793,2857.99
562358,2858.09
550352,2858.99
746554,2858.99
336541,2859.41
872340,2859.53
967838,2859.53
429471,2859.8
544619,2860.11
829627,2860.11
417841,2860.75
392713,2860.86
213086,2861.72
735964,2861.72
216596,2862.18
887328,2862.56
911585,2862.56
130331,2862.73
708933,2862.73
102877,2863.04
546456,2863.04
272148,2863.05
939992,2863.05
318291,2863.31
403052,2863.31
349447,2864.09
931247,2864.54
466781,2864.82
700225,2866.82
894608,2867.21
140381,2867.31
262774,2867.31
315736,2867.31
549064,2867.31
608537,2867.31
808206,2867.31
813739,2867.31
939683,2867.31
188120,2868.6
117482,2869.74
897229,2869.74
889687,2871.15
427976,2871.44
497756,2872.05
916300,2872.05
294027,2872.67
982543,2872.98
267739,2874.07
535413,2874.07
629706,2874.09
132552,2875.43
336770,2875.43
159486,2876.78
576345,2876.82
561570,2877.35
573290,2877.35
497891,2877.81
755374,2878.77
321762,2878.85
612955,2879.51
260464,2879.63
963595,2879.63
193150,2880.35
369416,2880.35
888506,2883.17
410790,2884.64
865401,2885.0
894099,2885.0
797158,2885.33
918272,2885.41
297684,2885.74
687186,2885.74
458614,2886.23
231013,2886.45
277884,2886.45
452873,2886.45
465741,2886.45
515860,2886.45
777549,2886.45
916358,2886.45
100102,2887.74
977693,2887.74
675516,2887.78
751823,2887.78
194065,2888.85
375683,2889.09
631406,2890.34
864161,2890.34
976423,2891.27
959280,2891.72
531619,2891.73
728563,2891.73
552016,2893.31
982296,2893.81
113874,2894.24
562404,2894.24
135841,2894.58
926611,2894.58
426958,2895.21
442479,2896.92
870687,2897.28
569347,2897.62
831860,2897.62
857235,2897.78
465729,2898.73
240963,2899.32
336831,2899.7
942083,2899.7
851549,2899.92
333207,2902.15
677560,2902.15
757420,2902.62
344768,2903.02
347634,2903.24
421752,2903.75
663416,2903.75
221813,2906.3
747187,2906.3
283980,2907.36
487212,2907.36
288612,2907.44
921746,2907.9
638085,2908.02
835440,2908.88
700207,2909.55
747668,2909.55
203607,2910.32
260245,2910.32
417904,2912.24
973059,2912.24
459563,2912.25
332289,2912.6
400313,2912.6
373886,2912.89
490387,2912.89
409908,2912.91
210647,2913.32
904602,2913.32
346704,2913.48
926867,2913.48
485062,2913.49
635517,2914.09
906780,2914.96
715255,2915.65
948489,2916.38
397272,2916.42
478700,2917.54
789052,2917.54
453887,2918.58
991893,2918.58
972648,2919.71
500058,2921.49
940901,2921.68
960005,2921.68
267020,2921.93
283338,2921.93
872234,2924.98
408500,2925.73
762259,2925.73
804930,2926.52
877008,2926.83
913809,2926.83
445169,2926.89
795492,2926.89
744567,2927.07
651605,2927.22
945379,2927.73
132209,2928.12
826113,2928.12
682709,2929.92
662164,2930.69
189854,2931.16
309727,2931.16
700286,2933.5
859258,2933.96
938603,2935.84
192772,2935.99
744135,2935.99
478050,2936.99
607115,2936.99
347212,2937.17
236710,2937.42
208256,2938.08
224000,2938.08
767331,2938.08
844193,2938.08
135279,2938.73
433496,2938.73
604526,2938.81
645081,2938.81
932233,2939.94
806598,2941.83
105789,2943.05
158901,2943.05
398603,2944.18
287690,2949.28
352068,2951.29
418718,2952.36
709499,2952.36
336271,2952.58
401834,2953.62
649656,2953.62
406099,2953.8
961427,2954.39
470381,2955.5
728085,2955.5
600651,2956.36
164094,2957.76
841631,2957.76
363513,2959.82
561413,2959.82
332225,2959.95
170531,2960.03
561873,2960.57
279634,2961.31
641903,2962.72
694648,2962.98
491690,2965.72
641164,2965.72
247833,2966.94
464248,2968.08
811471,2968.08
569188,2969.59
818040,2969.59
434751,2971.92
878510,2971.92
653542,2972.46
831812,2972.46
219646,2974.31
843101,2975.26
335306,2978.85
976831,2978.85
670430,2980.01
278932,2980.46
561107,2980.46
990905,2981.88
846291,2982.2
578811,2983.11
741677,2987.95
785965,2989.91
972791,2990.33
109022,2991.42
904501,2991.42
985266,2991.7
138065,2993.02
528332,2993.02
603407,2993.12
607405,2994.35
809449,2996.14
834615,2996.14
330858,2996.89
504525,2999.34
716360,3000.44
687589,3007.39
619268,3008.1
923234,3008.1
138204,3008.97
753306,3011.27
918326,3011.34
678493,3011.77
781355,3011.77
371737,3012.04
391034,3012.04
273414,3013.44
515023,3016.44
746536,3016.44
864288,3020.42
702147,3023.89
724723,3028.78
772152,3031.59
173227,3032.82
413088,3033.41
667293,3033.41
140290,3034.65
994571,3034.65
191780,3034.77
575948,3034.77
144641,3034.8
192250,3034.8
628452,3038.11
940904,3038.11
195895,3038.83
758389,3040.25
870764,3040.25
636533,3041.79
817245,3044.0
977676,3044.0
523170,3044.79
239956,3049.84
918807,3049.84
423473,3052.63
702048,3052.63
181830,3054.54
362680,3054.54
347850,3055.7
808498,3056.99
927559,3056.99
450323,3059.06
756481,3059.06
796429,3059.18
930620,3059.18
442838,3059.28
336037,3059.43
479198,3059.55
552441,3059.55
152406,3061.05
447925,3061.05
884691,3061.8
197608,3063.11
802336,3063.11
229075,3065.37
983810,3071.78
153003,3075.59
199405,3075.59
495403,3086.01
156945,3086.72
783363,3086.72
443967,3086.87
992985,3086.87
737949,3087.25
846046,3087.25
379506,3088.0
423941,3090.03
303396,3090.13
798954,3092.63
493640,3094.32
661546,3094.32
196367,3095.18
573649,3095.18
337235,3095.63
706820,3095.63
620406,3095.71
502943,3095.8
473674,3096.51
624704,3096.51
686769,3096.51
690671,3096.51
733515,3096.51
841674,3096.51
974041,3097.92
556492,3099.54
820344,3099.54
235398,3102.79
514632,3103.92
581079,3103.92
324242,3105.35
669066,3105.35
616956,3106.48
779882,3106.48
415915,3107.57
299454,3107.59
429354,3109.01
612595,3109.01
708230,3112.05
224664,3113.34
873116,3113.34
701012,3115.7
851563,3118.93
977080,3118.93
973060,3118.98
293663,3122.98
248433,3123.08
314108,3123.08
358201,3123.08
480158,3123.08
576658,3123.08
824990,3123.08
992002,3123.08
384744,3124.93
808920,3126.27
611356,3129.11
133859,3130.68
212128,3130.68
692129,3133.02
855602,3133.5
946998,3133.5
300106,3135.41
973524,3135.41
316290,3135.58
338838,3136.08
413115,3136.08
588789,3136.7
686044,3136.7
820341,3139.17
833165,3139.17
149655,3141.25
164064,3141.33
893574,3141.33
192115,3142.74
570971,3142.74
548682,3142.81
705806,3142.88
962657,3142.88
139511,3145.46
830394,3146.04
922000,3146.04
533391,3147.97
681328,3147.97
610684,3148.42
766775,3148.42
998072,3151.16
327203,3155.91
570806,3155.91
797992,3157.55
801368,3157.74
348672,3161.17
469545,3161.17
438526,3164.38
502946,3164.38
188307,3164.49
215567,3164.49
169418,3173.03
376983,3176.36
801948,3176.36
546025,3176.87
674372,3176.87
248950,3179.47
700096,3184.36
815804,3184.36
205087,3187.35
979634,3187.35
546231,3188.53
990918,3188.53
967772,3189.67
286718,3193.16
750154,3193.46
404012,3193.82
949134,3193.82
446403,3196.58
822066,3199.7
375757,3199.75
652816,3199.82
669028,3200.8
503673,3203.3
950029,3203.3
511444,3207.47
818995,3208.23
257981,3208.92
203293,3209.66
281305,3210.14
136232,3210.42
348475,3211.07
399514,3214.98
919340,3214.98
974330,3215.2
895544,3218.61
272893,3219.15
835149,3219.15
366049,3220.78
515142,3220.78
879416,3221.79
999120,3221.79
521431,3223.22
349695,3223.33
522261,3225.4
454609,3226.52
707273,3226.52
331325,3226.79
682528,3226.85
937862,3226.85
488071,3230.58
499346,3230.58
620078,3230.58
757387,3230.58
786391,3230.58
837273,3230.58
841204,3230.58
844348,3230.58
261964,3233.26
712114,3235.36
323593,3237.31
790341,3237.5
910576,3237.92
132756,3238.0
246800,3238.0
298156,3238.0
375722,3238.0
411715,3238.0
532848,3238.0
816122,3238.0
894691,3238.0
976695,3238.0
991230,3238.0
383842,3238.93
459948,3238.93
664054,3239.12
264409,3240.67
248487,3241.31
507486,3241.31
385638,3241.59
662166,3241.84
299573,3242.04
839422,3242.04
250609,3244.82
131673,3245.33
728316,3245.33
983450,3245.48
530436,3252.83
653340,3252.83
271641,3256.77
745636,3256.77
852597,3259.89
418233,3260.74
491704,3260.74
724033,3261.02
130548,3265.16
198813,3265.16
270011,3265.16
344990,3265.16
369121,3265.16
591758,3265.16
628320,3265.16
741725,3265.16
562655,3267.71
164973,3268.32
394363,3268.32
577195,3269.01
822653,3269.01
317060,3272.01
511302,3274.04
682654,3274.19
365635,3275.16
616739,3275.16
835760,3278.53
777990,3288.21
867833,3288.21
245419,3288.66
731819,3288.66
235220,3288.83
296626,3289.12
553954,3289.12
108381,3289.13
176284,3289.55
510505,3289.55
639258,3293.25
446135,3299.34
557138,3300.61
664666,3300.68
654983,3303.09
675243,3303.09
825333,3304.76
685208,3305.13
638740,3308.0
485486,3309.12
787571,3309.12
339941,3309.25
539370,3309.25
547213,3311.16
722538,3311.16
535436,3312.18
885739,3312.18
256467,3312.25
297379,3312.32
921899,3312.32
511541,3313.01
122685,3314.55
401760,3317.9
247514,3319.62
992028,3319.62
782078,3323.09
710005,3323.86
546163,3324.55
838283,3330.67
281737,3331.45
344669,3331.45
128325,3336.22
368073,3336.22
370979,3337.59
146400,3337.98
855394,3339.3
573964,3339.76
369739,3339.85
667262,3341.68
758656,3342.18
286927,3343.93
552278,3347.03
632130,3347.03
645635,3349.64
789624,3350.24
706497,3350.69
963487,3350.69
343247,3351.57
657748,3351.57
186295,3352.94
112733,3353.38
781647,3353.38
157771,3355.53
103860,3358.53
245671,3358.66
538341,3358.66
672255,3359.24
991529,3359.24
363178,3359.29
974189,3359.29
529471,3360.27
549404,3360.27
874984,3362.55
170079,3362.67
405030,3362.67
467401,3363.0
989528,3370.07
803656,3371.53
495148,3371.86
300454,3372.42
965254,3373.87
286551,3380.71
123908,3383.45
289472,3386.19
692628,3386.53
803956,3386.53
608850,3387.2
788091,3387.2
110030,3387.78
307136,3387.78
277025,3394.72
484894,3394.72
252476,3398.01
512071,3398.05
789004,3401.88
948325,3401.88
210416,3402.39
349153,3402.39
855351,3402.78
328213,3403.92
554104,3403.92
260622,3409.68
692671,3410.2
725807,3410.2
308991,3413.62
330365,3413.62
873488,3417.2
126181,3417.95
278898,3419.11
597209,3420.66
560104,3423.82
941064,3423.97
347466,3427.15
448654,3427.15
423432,3430.32
854855,3430.32
395168,3432.96
464799,3432.96
600309,3433.82
810338,3435.25
153582,3435.65
349001,3436.13
748649,3436.13
815248,3436.13
963814,3436.13
999498,3436.13
870857,3436.45
640588,3438.95
310853,3439.09
579710,3439.09
426533,3443.3
309277,3444.17
850092,3444.97
611046,3445.86
921191,3445.86
218277,3449.49
232703,3449.49
559261,3450.07
987425,3450.33
553453,3451.1
738467,3451.1
862096,3451.25
420738,3452.41
106978,3455.23
985183,3457.15
224740,3459.04
440885,3459.04
590246,3459.23
497030,3460.12
519984,3460.12
215751,3460.67
716197,3460.67
413815,3465.53
499658,3467.32
213723,3469.84
232203,3470.18
663746,3472.37
986143,3472.37
764302,3475.07
124536,3478.89
161574,3478.89
494899,3479.14
371402,3479.76
628669,3482.04
979639,3482.69
220616,3483.63
840038,3483.63
986288,3484.14
264053,3484.25
265612,3489.28
638162,3490.03
642976,3491.26
208649,3491.74
623861,3491.74
481262,3494.15
977037,3494.15
216269,3495.89
817158,3498.63
937645,3498.63
181082,3498.77
721225,3498.77
723978,3499.14
742493,3499.14
298232,3499.99
348065,3499.99
967017,3500.45
119917,3508.57
347276,3508.57
456887,3508.57
506372,3508.57
506749,3508.57
527773,3508.57
605127,3508.57
728837,3508.57
877251,3508.57
939074,3508.57
820542,3508.91
247247,3508.93
276931,3508.93
434136,3509.97
402697,3514.21
781970,3515.83
223238,3517.39
737474,3517.39
540966,3520.7
470334,3527.4
247103,3527.85
420434,3527.85
515579,3528.04
523722,3528.04
617960,3528.04
911372,3528.04
199021,3530.01
989081,3530.01
375890,3531.04
785114,3534.34
875657,3534.34
742359,3536.43
877595,3536.43
241990,3536.65
470738,3538.06
511862,3538.06
219714,3539.97
411094,3540.21
545514,3540.9
824917,3540.9
109660,3543.23
202358,3543.23
924132,3544.54
177518,3545.41
304824,3546.4
677322,3548.07
550303,3548.15
817066,3548.4
237018,3549.02
719576,3549.02
893376,3549.75
579890,3551.79
855922,3551.79
386790,3554.85
399917,3554.85
441670,3554.85
455651,3554.85
488549,3554.85
626542,3554.85
683250,3554.85
854077,3554.85
854704,3554.85
310396,3557.2
319469,3557.37
957419,3557.37
201276,3560.63
949612,3560.63
765481,3561.04
325935,3561.6
982969,3561.6
293496,3567.5
501552,3567.5
515049,3567.5
641384,3567.5
734801,3567.5
833683,3567.5
880849,3567.5
960708,3567.5
247607,3569.86
390350,3569.86
924089,3570.76
410702,3571.35
937484,3571.35
548335,3572.49
567805,3573.29
631801,3574.99
921392,3574.99
197239,3575.04
502848,3575.04
195150,3576.71
208241,3576.71
396997,3579.02
904802,3579.77
129030,3580.08
329039,3580.26
521576,3580.26
683550,3585.88
111329,3585.94
454327,3585.94
747395,3587.36
965605,3588.88
989816,3588.88
131893,3589.37
900894,3589.71
277367,3590.69
114414,3591.07
807152,3595.31
140375,3600.93
354464,3600.93
359360,3600.93
606060,3600.93
997439,3600.93
113831,3605.86
643854,3609.8
858352,3609.8
133608,3611.18
224924,3615.89
759983,3615.89
205505,3618.43
305102,3618.43
369000,3618.69
837175,3618.69
632638,3619.06
876757,3619.06
187161,3621.69
948145,3621.69
133518,3623.45
716750,3630.27
671368,3633.05
877242,3636.94
975613,3636.94
130419,3644.83
454663,3644.83
523194,3644.83
628211,3644.83
690984,3644.83
871124,3644.83
890882,3645.46
311556,3647.25
969732,3647.25
597522,3649.19
866242,3649.19
445418,3649.66
821137,3649.66
495787,3649.71
836706,3650.58
494284,3651.69
156355,3652.53
521653,3652.53
412203,3652.67
603968,3652.67
485300,3653.7
904992,3653.7
213813,3659.18
556982,3659.18
213113,3660.77
355908,3660.77
138369,3663.74
845994,3663.74
811959,3664.22
568172,3667.37
971670,3667.37
336139,3669.83
750454,3673.53
585756,3673.99
655082,3674.57
206773,3677.78
214639,3677.91
543456,3681.25
451711,3681.98
998934,3683.1
795512,3683.47
116897,3683.79
715689,3683.79
255475,3686.72
865066,3686.72
305556,3687.17
970964,3687.17
654941,3688.11
746402,3688.11
460629,3690.7
768354,3691.77
238640,3693.44
512296,3694.14
745908,3694.14
360537,3694.15
679253,3694.65
386825,3697.04
583252,3700.39
568171,3700.42
885848,3700.42
734938,3700.68
780973,3700.68
128633,3702.63
511588,3703.4
536577,3703.4
580068,3703.44
661088,3703.44
114553,3703.93
736829,3703.93
737940,3705.29
189294,3707.28
349638,3707.28
577386,3708.81
504663,3709.92
756929,3709.92
782485,3713.79
196016,3713.8
604077,3713.8
520137,3716.48
692151,3716.48
188033,3719.25
634185,3719.25
374881,3721.39
800800,3721.39
676622,3722.37
894175,3722.37
492789,3723.11
586164,3723.11
243557,3726.73
802023,3726.73
422436,3728.83
295884,3728.87
631442,3728.87
845319,3728.87
440618,3730.14
299585,3731.5
540796,3731.5
771872,3731.5
883489,3731.5
945761,3731.5
958709,3731.5
465692,3732.31
586711,3732.35
126148,3732.57
555001,3732.57
196442,3733.03
131637,3735.84
650486,3738.44
830385,3738.44
627485,3740.4
467510,3741.57
766530,3742.58
131997,3744.58
174669,3745.37
999891,3745.37
645566,3746.03
675457,3746.03
122858,3746.75
127946,3746.75
474945,3746.75
509965,3746.75
590012,3746.75
669812,3746.75
695965,3746.75
925819,3746.75
941865,3747.06
793645,3748.14
445839,3755.81
708555,3755.81
159960,3756.64
963541,3756.64
218383,3757.8
696577,3757.8
602783,3758.95
208585,3761.79
575612,3761.79
196467,3763.64
665374,3763.64
838885,3764.47
444022,3766.37
838784,3768.09
701803,3768.37
802797,3768.37
832431,3774.86
157712,3776.32
381307,3776.32
562661,3776.67
209134,3781.45
121410,3781.69
668599,3781.69
195419,3785.75
198625,3785.75
261426,3788.65
435049,3788.65
789797,3788.81
898587,3790.19
122577,3791.55
197320,3792.13
776613,3792.13
249408,3792.83
582929,3792.83
122049,3794.96
559362,3796.55
785223,3796.55
197514,3798.32
539144,3798.32
803586,3799.75
164211,3801.28
561933,3801.28
475690,3801.75
744778,3801.75
612060,3802.99
859508,3803.8
261780,3803.92
252472,3808.12
482938,3808.12
944093,3808.12
796099,3810.24
807074,3810.24
530206,3815.85
915287,3815.85
471188,3819.62
454041,3821.82
220806,3823.85
789190,3824.43
925198,3824.43
984798,3829.09
311619,3832.12
545744,3832.12
438875,3832.9
898149,3833.07
537829,3834.21
747315,3834.21
496759,3834.74
181434,3837.36
697824,3837.36
686223,3837.45
904974,3837.45
215089,3837.49
299367,3837.49
437545,3837.62
987171,3837.62
152148,3838.11
932363,3838.11
808721,3839.14
155488,3842.03
969483,3842.03
948591,3847.35
548752,3848.48
818567,3848.48
190149,3849.6
563587,3849.6
264107,3852.43
211217,3857.77
169857,3861.49
373665,3861.49
482351,3861.49
793094,3861.49
848562,3861.49
330779,3863.31
687962,3867.97
145542,3870.36
450205,3872.22
100727,3873.65
363866,3873.65
743241,3873.65
701645,3874.87
435358,3876.77
686371,3876.77
464105,3878.77
152681,3885.46
367492,3885.46
568734,3885.46
883056,3885.46
352617,3886.65
131956,3887.32
395912,3891.54
572045,3894.62
865213,3900.91
890702,3900.91
575030,3903.38
211715,3903.47
554761,3903.8
566165,3909.64
124195,3910.7
400079,3919.37
946172,3919.37
957901,3919.37
995142,3919.37
157879,3923.27
441741,3933.81
461354,3933.81
582690,3933.81
751990,3933.81
743121,3934.71
773805,3936.79
166953,3939.01
235428,3939.01
238556,3939.01
657946,3939.01
839362,3939.01
938719,3939.01
978130,3940.12
707470,3942.73
950445,3944.23
140768,3945.24
857845,3945.59
277607,3946.37
193928,3954.34
755070,3954.34
801338,3954.34
889964,3954.34
274354,3954.54
834571,3954.54
206871,3962.83
242789,3962.83
958791,3964.53
134760,3964.73
874612,3969.43
283290,3971.35
616447,3971.35
653851,3974.14
929980,3974.14
810448,3978.67
959728,3979.39
515444,3979.59
342945,3980.84
953784,3980.84
536186,3981.78
390874,3982.18
509909,3982.27
923560,3985.4
421001,3993.88
917610,3993.88
285579,3995.36
769976,4004.55
837705,4004.55
614164,4012.32
248886,4013.95
944261,4014.33
432564,4014.45
653354,4014.45
750162,4014.45
757047,4014.45
808005,4014.45
515298,4014.92
614246,4015.21
103731,4015.34
453578,4015.4
771035,4016.13
573446,4018.88
893427,4018.88
232609,4022.96
191057,4027.7
844152,4029.72
460929,4031.1
630209,4031.1
219043,4031.54
537711,4031.54
122009,4035.68
453136,4037.5
922188,4039.32
780529,4041.24
721438,4045.34
761015,4045.34
891233,4048.16
671528,4048.72
947778,4049.42
240500,4049.81
800220,4049.81
749801,4050.28
625434,4050.51
505070,4053.37
120554,4055.4
962661,4055.4
622697,4058.67
501856,4060.96
893057,4061.59
541163,4063.33
633067,4064.67
736615,4064.67
967883,4067.0
248011,4068.09
959137,4069.78
591854,4070.05
346225,4072.85
625318,4077.5
450150,4078.02
569315,4078.29
622036,4078.29
287343,4079.13
226842,4080.82
802084,4082.17
540268,4090.75
504190,4091.93
566630,4100.4
374639,4102.2
447470,4103.85
442306,4105.58
901978,4109.79
330040,4110.62
899009,4111.2
988510,4112.63
124355,4115.58
429557,4115.58
176599,4117.37
550058,4118.54
577872,4118.54
731696,4118.59
773086,4118.59
713423,4121.25
965154,4127.5
432938,4128.09
757446,4130.38
531293,4130.63
763132,4132.59
271680,4140.65
454223,4146.41
547575,4151.55
845041,4155.95
856705,4155.95
532945,4159.59
570531,4160.16
111584,4163.79
612339,4163.79
720514,4165.17
413426,4165.99
702746,4167.42
442458,4170.69
513553,4170.69
633490,4170.69
665645,4170.69
724378,4170.69
224132,4171.19
701308,4171.19
275762,4171.3
672582,4171.3
649321,4175.95
286262,4177.29
391509,4177.67
420490,4177.67
162167,4177.7
803357,4187.78
809299,4191.97
327474,4194.66
274428,4194.91
791342,4194.91
352005,4196.26
526164,4196.26
898495,4196.43
499423,4196.65
291509,4198.03
472325,4209.68
165484,4210.1
604870,4213.92
766766,4216.2
327565,4219.02
730088,4219.02
759311,4220.61
682813,4222.63
206119,4224.83
933552,4224.83
522788,4228.25
547699,4229.92
286182,4233.57
980837,4240.93
858341,4244.47
161525,4250.28
266284,4250.28
454630,4250.28
580169,4250.28
818616,4250.28
439092,4254.62
584782,4254.62
808392,4254.62
834726,4254.62
465842,4257.48
727197,4260.34
837031,4260.34
367751,4260.71
880099,4260.77
136020,4267.08
191150,4270.03
256188,4270.03
495286,4270.03
939521,4270.03
783604,4272.59
453654,4273.59
271297,4274.62
600914,4276.92
847771,4277.27
663521,4277.56
900795,4280.75
559007,4281.06
264050,4282.95
515656,4282.95
612019,4282.95
727648,4282.95
817070,4282.95
107466,4285.58
352916,4294.0
692535,4294.0
128572,4296.6
986551,4297.02
121999,4298.38
330947,4303.47
568678,4303.47
389146,4305.79
787086,4305.81
472283,4306.56
676406,4306.56
401859,4307.46
371422,4312.64
492226,4312.87
842527,4315.67
789465,4322.24
653259,4327.1
161414,4328.86
391557,4330.39
787416,4330.39
845435,4330.39
992854,4330.39
302792,4330.77
293676,4330.8
431586,4334.06
202831,4334.21
811022,4334.21
465570,4335.35
304887,4339.87
970152,4344.52
325268,4347.59
560597,4348.14
976413,4348.14
274117,4349.1
321436,4349.1
116948,4349.31
190716,4349.31
621814,4349.31
779679,4349.31
992886,4351.55
194813,4355.7
204693,4355.7
877352,4358.55
957413,4358.55
221254,4362.93
319850,4362.93
407305,4362.93
428345,4362.93
466953,4362.93
962480,4362.93
808399,4363.6
107902,4369.5
136637,4369.5
847579,4369.6
882025,4369.7
465746,4369.72
615617,4369.72
908580,4371.19
156879,4372.19
750578,4372.49
800481,4372.49
914799,4374.04
109399,4376.08
577726,4376.36
729752,4376.36
768078,4376.36
831341,4376.36
941984,4377.53
894436,4379.93
643605,4381.18
237651,4386.28
420488,4386.28
568712,4386.28
935876,4386.28
616416,4387.31
888404,4387.31
256189,4389.28
101018,4392.98
387971,4397.78
395525,4398.05
792873,4407.77
239221,4407.97
278227,4408.07
501877,4408.07
436990,4411.66
965758,4411.66
660178,4413.26
403529,4413.29
904741,4416.21
406367,4416.35
787277,4419.12
576936,4419.54
626767,4420.25
983353,4422.88
161780,4424.58
974848,4425.75
363199,4428.03
465950,4428.03
516337,4428.03
666301,4428.03
676376,4428.03
202696,4428.04
409174,4428.04
150253,4428.63
160927,4430.57
793608,4433.69
515805,4433.97
390974,4434.03
984180,4434.03
289151,4434.94
445177,4434.94
542014,4439.68
958767,4439.9
859957,4443.74
220244,4446.74
387506,4448.56
823212,4448.64
387121,4450.22
173235,4454.1
801882,4454.1
612013,4455.52
733046,4455.84
356460,4458.11
428604,4458.11
484811,4458.11
947234,4458.11
275049,4460.42
770362,4460.42
129343,4463.0
288369,4463.0
382464,4463.0
890395,4463.0
909677,4463.0
650657,4463.61
352026,4465.34
493283,4465.6
610573,4465.6
181728,4466.1
253098,4468.22
930848,4470.18
681921,4471.78
751824,4472.33
505779,4473.88
129434,4474.48
501875,4475.42
131228,4476.81
144593,4477.45
884654,4479.6
958472,4479.6
226387,4482.02
423153,4483.84
314742,4484.25
345802,4484.25
608326,4490.55
401424,4491.91
383808,4496.98
880505,4496.98
318561,4499.49
174729,4502.21
371675,4502.68
774249,4502.98
782329,4502.98
640920,4505.41
947408,4505.41
586199,4506.49
384543,4506.58
387203,4506.58
182320,4506.66
279430,4508.86
832367,4510.54
465962,4513.44
762272,4513.44
926874,4515.45
857247,4516.81
719673,4517.91
643117,4518.78
440785,4522.88
588980,4524.64
731593,4525.28
700343,4525.37
608508,4526.53
662594,4526.53
583539,4526.61
168727,4526.95
741483,4528.74
526867,4529.06
432031,4529.07
490806,4529.97
587136,4529.97
424451,4529.98
295906,4530.39
306596,4530.39
246737,4531.68
256544,4538.85
344580,4538.85
534904,4540.38
713998,4549.08
602222,4549.34
656027,4550.86
575123,4553.19
707869,4553.81
752688,4556.07
327015,4558.5
442868,4558.59
703160,4561.27
681649,4563.02
507189,4567.87
698915,4567.87
111176,4568.82
893789,4571.51
764844,4571.61
397820,4574.55
464187,4574.55
692741,4574.92
782606,4579.61
898437,4582.16
788407,4582.65
310252,4582.67
147700,4583.1
547190,4583.75
654086,4584.14
919818,4591.63
763084,4594.29
204237,4595.04
611086,4595.46
205367,4598.24
422245,4601.63
152139,4603.98
558248,4603.98
278865,4605.04
320685,4605.04
459099,4605.04
811619,4605.04
883376,4605.04
733658,4605.27
939760,4607.24
298829,4611.25
650466,4623.54
226422,4626.8
314189,4626.8
436969,4626.8
544837,4626.8
560936,4626.8
636965,4630.36
266516,4633.1
346103,4633.34
778393,4633.45
259700,4633.55
234588,4636.55
580834,4636.55
733601,4637.54
402177,4638.95
959192,4638.95
718031,4639.04
187390,4644.7
603587,4646.39
425717,4648.54
184755,4650.06
222050,4650.06
472964,4650.06
499027,4650.06
761240,4650.06
885933,4650.06
945199,4650.06
501655,4650.68
530425,4650.68
173252,4652.91
148258,4654.58
307159,4654.84
140079,4655.21
345615,4655.39
996238,4655.61
540751,4656.49
798672,4656.67
929451,4657.16
526316,4660.01
913571,4661.98
142122,4669.23
338837,4669.23
381065,4669.23
492883,4669.23
656288,4669.23
684699,4669.23
731373,4669.23
840262,4669.23
844641,4671.42
366161,4674.71
611481,4678.42
526586,4683.44
202035,4685.5
112226,4686.47
712362,4686.47
614574,4686.81
198570,4688.46
622953,4688.46
415402,4690.79
749705,4690.79
854249,4691.04
981117,4692.1
148570,4698.52
138475,4698.88
888417,4698.88
573347,4700.42
307622,4708.2
451042,4711.04
486600,4711.08
761403,4715.32
356712,4716.26
432716,4717.63
805008,4717.63
902679,4719.45
924469,4720.61
505776,4721.66
154868,4723.45
722566,4723.45
216573,4724.79
727952,4724.79
323099,4726.87
538042,4726.87
601143,4726.87
641827,4726.87
798871,4726.87
200326,4727.83
434430,4727.83
872669,4729.59
992065,4731.75
718887,4734.26
238647,4737.84
757270,4737.87
924489,4737.87
453165,4738.99
998972,4739.3
695385,4739.35
947635,4739.86
249466,4741.81
862659,4741.81
987153,4742.11
985374,4742.62
485282,4743.69
851830,4743.69
253852,4746.69
746863,4746.76
958923,4747.73
777871,4748.79
976623,4754.45
338212,4754.65
897387,4754.65
460058,4755.76
158400,4756.91
662880,4757.24
179489,4758.19
508501,4758.47
382953,4758.56
845180,4758.56
209357,4759.62
705243,4759.62
371580,4762.56
173343,4764.86
771259,4766.65
404434,4767.69
164226,4768.96
794620,4768.96
101148,4770.55
442018,4770.55
804137,4770.55
743879,4770.74
403282,4772.93
203947,4772.94
360472,4772.94
568798,4772.94
569369,4772.94
858961,4772.94
411734,4774.38
318902,4774.75
591367,4774.75
747993,4774.75
251324,4777.12
394946,4778.68
190529,4784.42
497576,4785.91
331669,4787.21
488853,4787.47
232755,4787.81
350001,4788.93
706970,4788.93
408561,4791.08
426124,4792.51
950304,4792.81
829476,4794.48
626762,4794.96
461974,4795.39
819718,4798.24
165260,4799.62
551828,4802.48
853641,4802.48
617171,4803.94
924736,4804.51
487930,4807.0
855050,4808.96
664112,4809.22
257301,4811.18
103823,4812.53
305910,4814.35
800094,4815.53
498998,4817.99
869283,4817.99
611415,4818.64
763177,4818.64
215508,4819.18
475634,4821.16
726139,4821.42
782393,4821.42
596153,4821.99
215051,4822.44
579377,4822.44
126665,4825.26
711490,4825.26
166955,4826.83
405602,4831.42
112709,4834.4
163645,4834.71
752885,4834.71
853232,4834.71
975692,4834.8
262177,4835.78
273391,4836.22
966688,4836.39
306869,4836.75
904370,4836.89
511981,4841.06
762044,4842.28
255032,4845.0
419661,4846.32
319193,4849.7
713580,4853.53
542182,4854.36
108346,4854.75
666608,4858.12
324013,4858.43
374736,4861.37
883660,4863.27
257369,4863.47
656858,4863.47
401060,4867.38
967347,4868.81
979010,4868.81
747816,4872.77
407238,4874.07
705490,4874.07
568667,4874.22
119519,4874.67
587196,4874.67
539674,4876.32
602649,4877.95
570637,4879.71
269154,4880.34
539742,4880.34
585976,4881.3
666417,4881.39
212604,4882.07
715645,4882.07
133956,4882.29
458984,4882.29
803150,4882.29
669978,4882.49
741428,4883.34
942926,4883.81
132320,4887.34
930887,4887.34
545541,4887.79
397104,4889.25
913949,4889.25
144879,4889.61
113694,4890.11
895725,4892.42
443970,4892.62
100642,4892.63
646262,4893.98
257509,4894.99
342007,4897.98
643362,4897.98
936547,4898.67
980414,4898.67
335371,4899.98
606455,4899.98
937638,4900.34
724599,4900.55
307740,4904.46
238753,4904.89
302467,4904.89
573954,4904.89
825490,4904.89
993986,4904.89
342836,4909.03
554487,4909.03
374984,4911.0
607993,4911.46
918478,4915.39
541751,4916.41
638804,4916.58
266968,4917.89
210630,4922.17
439696,4923.95
449654,4927.07
615251,4927.71
947099,4928.4
373771,4928.65
832625,4928.65
153146,4929.55
239027,4929.55
792795,4929.55
821043,4929.55
360732,4930.95
183716,4931.26
456716,4931.26
111788,4935.19
452725,4940.12
428853,4940.94
894111,4941.65
410347,4942.63
485674,4943.39
833801,4944.09
968671,4944.09
240143,4944.24
926250,4945.07
167670,4946.96
958059,4949.39
138449,4949.8
348143,4950.25
831644,4950.25
547355,4951.66
934577,4953.09
603674,4953.36
738204,4954.29
884844,4956.62
871739,4958.02
800571,4961.41
315848,4961.57
847357,4962.21
395511,4964.63
387523,4964.67
631200,4964.67
324364,4965.49
879601,4966.74
995128,4967.04
617516,4970.36
958491,4970.36
496675,4971.73
871188,4974.24
206328,4974.8
303207,4974.8
615854,4974.8
833547,4974.8
428376,4978.95
383954,4980.83
298681,4981.83
597300,4982.68
571603,4983.11
637453,4983.11
980915,4984.1
331995,4984.62
779977,4984.62
877488,4984.62
326703,4985.24
363864,4987.64
973921,4991.04
661193,4991.58
824360,4991.58
462279,4995.21
843836,4996.55
412284,4997.78
564449,5002.09
999589,5003.34
700356,5004.31
394078,5004.58
245307,5006.61
452985,5007.22
745080,5007.22
285411,5008.28
322733,5008.28
479278,5008.79
123060,5010.45
980935,5010.45
364908,5011.75
610482,5012.18
166475,5015.01
352101,5015.01
387570,5015.01
434621,5015.01
815834,5015.01
901478,5015.01
294634,5016.14
538949,5016.55
674394,5016.55
664737,5017.85
225656,5018.73
168641,5018.89
725580,5018.89
243153,5020.47
736389,5021.69
237094,5024.03
719383,5028.58
252419,5029.3
471662,5029.64
345841,5029.67
421930,5032.39
760176,5033.39
610860,5035.74
612510,5035.74
468522,5038.98
189707,5039.39
142511,5040.41
248593,5041.3
419570,5041.3
279221,5043.8
650621,5044.86
967032,5045.87
209675,5046.89
888649,5047.48
466754,5048.05
994763,5048.51
789444,5049.12
615054,5049.69
324066,5058.93
834550,5060.3
335671,5061.76
997741,5062.37
322451,5064.13
967150,5064.13
486956,5065.49
288451,5065.94
598799,5066.63
420508,5066.83
355775,5067.0
394196,5068.26
718029,5068.26
518061,5068.43
899871,5069.07
995333,5071.65
455866,5073.28
663719,5073.28
704967,5073.28
546796,5074.84
169253,5075.42
459737,5075.42
831424,5078.45
598364,5079.67
351367,5079.83
526822,5079.84
504403,5080.24
945485,5080.24
373374,5081.74
655039,5083.79
842641,5085.84
205698,5087.02
348202,5087.02
709869,5088.69
339151,5091.1
438822,5093.01
844125,5093.48
298817,5094.52
273052,5095.37
975298,5095.44
233051,5096.67
618226,5096.67
875796,5096.67
870574,5097.32
644251,5097.76
369569,5098.85
300867,5099.51
244865,5100.74
379629,5100.74
332387,5103.36
428452,5106.78
167795,5107.07
182272,5107.16
262613,5107.16
293212,5107.16
567227,5110.68
665890,5111.36
204763,5112.1
691259,5112.57
205170,5113.87
462337,5119.9
677435,5123.2
499132,5123.77
482777,5124.8
818597,5124.98
498632,5129.61
422152,5130.82
644652,5133.41
182749,5140.11
377858,5142.05
602086,5142.39
209021,5143.65
906848,5143.65
593277,5143.87
100364,5143.88
392402,5143.88
504545,5146.81
909020,5150.42
171264,5152.82
273213,5155.53
902833,5155.53
714825,5157.05
363314,5157.64
377288,5157.64
439572,5158.58
128007,5160.25
751628,5162.37
359466,5165.2
278822,5165.57
260452,5166.19
694828,5169.5
921130,5169.5
926609,5169.5
397787,5169.56
607752,5169.56
856483,5170.03
653015,5170.45
909238,5170.45
437737,5170.81
797398,5170.98
525129,5171.27
418910,5173.49
430413,5176.73
893555,5179.55
193665,5179.89
659454,5181.05
732009,5181.62
792695,5181.62
851986,5181.62
298869,5182.39
770702,5184.95
641642,5186.36
724979,5189.29
272672,5191.05
728818,5191.45
256821,5194.65
546037,5195.82
930489,5200.08
302186,5201.71
313437,5201.97
476371,5201.97
378827,5204.65
996349,5205.02
176166,5205.91
982059,5206.03
300870,5206.11
127241,5206.12
514652,5206.12
340156,5206.76
166938,5207.2
840667,5207.64
515667,5207.68
534805,5208.35
581260,5213.07
428843,5214.34
562588,5214.97
148216,5217.51
161774,5217.51
741031,5217.51
486933,5219.2
495942,5219.2
877346,5219.75
989134,5224.33
533157,5225.03
745729,5225.25
841296,5226.29
366894,5228.92
747759,5229.74
208630,5229.99
492700,5230.09
701485,5230.09
937127,5233.95
582843,5233.99
561520,5234.33
998061,5237.48
475313,5237.94
687199,5243.54
692291,5243.83
598706,5244.4
892068,5246.06
409603,5248.98
407411,5252.51
943425,5254.02
214995,5258.25
545179,5259.44
304131,5260.92
228469,5261.1
346925,5264.36
159500,5264.43
516519,5264.64
451391,5267.85
412480,5270.01
482402,5271.37
715817,5271.37
238796,5272.19
430880,5272.19
766886,5272.52
724414,5272.93
341867,5274.2
746807,5275.06
807570,5275.06
617008,5278.18
394213,5278.53
863019,5278.65
961650,5279.2
701792,5281.83
389583,5283.36
771880,5284.31
906262,5284.31
916713,5285.12
290395,5288.17
800433,5288.24
637687,5290.13
168302,5293.37
230840,5293.37
366576,5293.72
375451,5294.28
665773,5294.28
197113,5297.15
715555,5297.63
249833,5297.92
667341,5297.92
487359,5301.84
460934,5308.43
491773,5308.62
841369,5308.62
533213,5314.96
381651,5316.61
400600,5316.64
607453,5316.76
943997,5316.76
351029,5317.81
386986,5318.9
817135,5318.9
314705,5319.84
346598,5320.08
285485,5320.34
203306,5321.11
428020,5321.11
432298,5323.87
375105,5324.39
658861,5325.39
556649,5325.72
583003,5325.72
928942,5326.5
327688,5328.84
519796,5328.84
560714,5329.13
215260,5331.74
720146,5332.46
757691,5332.46
854709,5332.46
935235,5332.46
339819,5333.04
910028,5334.78
241069,5337.35
257463,5339.39
468220,5339.39
923766,5343.12
498897,5345.2
425567,5345.99
197491,5346.92
921278,5346.92
372175,5348.07
284866,5348.3
629341,5350.37
764889,5351.85
172757,5352.19
901550,5353.93
944124,5354.37
535539,5354.61
151010,5357.26
369638,5358.16
261109,5358.27
332276,5360.56
481076,5363.41
375162,5364.47
493606,5365.54
404011,5365.98
486880,5365.98
438199,5366.78
159533,5368.89
597124,5373.72
777544,5377.01
912539,5380.09
240365,5380.31
541040,5380.31
706876,5380.32
142925,5380.9
510224,5380.9
677606,5380.9
678933,5380.9
684386,5380.9
349767,5382.76
148486,5383.67
180380,5383.67
151399,5384.53
208634,5385.85
661487,5385.85
892723,5386.33
201292,5387.41
216652,5387.93
114131,5389.5
257880,5389.5
478127,5389.5
826697,5389.5
844222,5389.5
338803,5390.27
136089,5391.08
246117,5392.44
179585,5392.5
789932,5392.5
387307,5395.35
674637,5395.83
777418,5396.31
876083,5398.1
982895,5399.58
175902,5403.55
334574,5403.55
457947,5407.75
969653,5407.75
407478,5408.89
787322,5409.96
702677,5411.95
432215,5414.9
330515,5416.41
664759,5417.74
693238,5418.15
233991,5418.46
142950,5419.46
579283,5419.46
981201,5421.52
874937,5423.14
650957,5424.26
448147,5426.14
194200,5427.48
817069,5431.22
776736,5433.21
741700,5435.77
380526,5437.91
893909,5438.7
394167,5439.34
340467,5439.36
374440,5439.8
787651,5439.8
828959,5441.42
526765,5443.76
478108,5444.79
293222,5445.37
545567,5445.37
289516,5447.84
450735,5450.57
686555,5450.57
491948,5452.17
914316,5452.63
453135,5453.71
639626,5453.71
800357,5453.86
901758,5454.89
362855,5457.34
517729,5460.32
588657,5460.32
275849,5460.37
760975,5463.91
908728,5463.91
332082,5465.6
738332,5469.54
886764,5470.06
915439,5470.06
993058,5470.06
200960,5470.18
744860,5470.18
656487,5473.16
441155,5475.34
680581,5476.53
114219,5479.56
606712,5479.56
793125,5479.56
997008,5479.56
132337,5480.1
280796,5480.7
564909,5481.5
210770,5482.55
741842,5484.59
928188,5490.78
674923,5492.39
336143,5495.18
801176,5497.66
379281,5498.75
104739,5498.94
682707,5498.94
924634,5498.94
750955,5499.45
811140,5499.45
984824,5500.01
353308,5500.58
870203,5502.73
967035,5503.44
359446,5504.14
576871,5504.14
821010,5505.06
966949,5505.06
720465,5505.17
122946,5505.69
474752,5507.06
888297,5507.16
286989,5507.24
480675,5507.24
363483,5508.32
689440,5510.56
154782,5510.97
830223,5511.49
908994,5511.49
525188,5515.25
137944,5517.2
197578,5517.2
604039,5519.08
820454,5519.08
472695,5521.54
644390,5521.54
878388,5522.52
837526,5522.77
138908,5524.31
841957,5524.31
597023,5525.47
226847,5525.84
199493,5527.99
618379,5528.08
125059,5528.21
254860,5528.21
405418,5528.21
936440,5528.21
404233,5528.66
256198,5531.72
110170,5532.46
159942,5532.63
671639,5532.75
873498,5532.86
263612,5533.23
230240,5534.57
319012,5534.82
205371,5539.35
618886,5543.8
140674,5544.91
731238,5544.91
233768,5548.03
461540,5548.03
721364,5548.03
918964,5548.03
950393,5548.03
773973,5550.15
301784,5551.39
792898,5551.4
441442,5552.33
427444,5552.6
223643,5553.36
229621,5554.83
159751,5555.49
618731,5555.83
635162,5555.83
321795,5556.28
423409,5556.91
336809,5557.93
835009,5557.93
663062,5560.28
739820,5562.46
254371,5563.77
218545,5564.74
572015,5564.96
367782,5565.89
699962,5568.66
363967,5568.95
603050,5568.95
947711,5568.95
170321,5568.98
154958,5575.2
278054,5577.67
135257,5577.94
895921,5577.94
386607,5580.82
618089,5580.82
218122,5583.83
498932,5585.31
533302,5585.31
255740,5586.89
855383,5593.43
103699,5595.39
297172,5595.39
798817,5595.39
810833,5595.39
615945,5595.84
483154,5595.97
305412,5597.12
716785,5597.12
235459,5598.27
825517,5599.67
915147,5600.01
707699,5600.5
827815,5601.14
978484,5603.74
301744,5607.25
955533,5607.25
730737,5608.17
828328,5608.17
542208,5610.96
783791,5611.93
592064,5612.38
376863,5614.59
423821,5615.07
964789,5615.07
639705,5618.49
781062,5619.07
580500,5619.65
738652,5619.65
123164,5619.69
389804,5619.69
532203,5619.69
697962,5619.69
581427,5623.31
645895,5623.31
409951,5625.91
507838,5626.57
614871,5627.3
509686,5630.79
601834,5630.79
381316,5631.45
794523,5631.45
296887,5632.61
935110,5633.53
541358,5633.74
861669,5633.74
558686,5633.95
659011,5635.29
201256,5635.4
537132,5635.4
470989,5635.75
858266,5636.74
479724,5637.74
315527,5638.26
759518,5638.54
121710,5639.94
260112,5639.94
489534,5639.94
492973,5639.94
597156,5639.94
678460,5639.94
745811,5640.02
870045,5641.36
665533,5642.75
166829,5643.72
915164,5643.72
508795,5643.8
327638,5645.4
899592,5646.32
179075,5647.15
216661,5647.15
345908,5652.72
312867,5654.59
927026,5657.69
834453,5657.81
766262,5659.14
270304,5659.24
682521,5660.13
136470,5666.47
309110,5666.7
783515,5669.97
446886,5670.13
571760,5670.44
148865,5673.84
952322,5674.38
144301,5675.92
954718,5677.31
428305,5677.47
172444,5677.64
308176,5678.05
782124,5678.05
194254,5680.28
161769,5680.47
793995,5680.47
747926,5686.74
930562,5686.92
326280,5687.9
834799,5697.18
169697,5701.28
263260,5703.29
976153,5703.29
724071,5704.68
534324,5705.55
663641,5705.9
329281,5706.96
573505,5708.02
418626,5709.23
197062,5710.33
565710,5710.33
905288,5714.23
257820,5714.25
179773,5715.31
732304,5715.79
771976,5717.22
698932,5717.74
170311,5718.28
897904,5718.28
108857,5719.09
568205,5719.79
410558,5720.77
848574,5720.9
590752,5727.33
389551,5728.58
430265,5736.46
403507,5737.23
974441,5739.82
415088,5741.7
466813,5741.73
824906,5743.4
183755,5745.12
695878,5745.12
770968,5745.42
279654,5745.94
631557,5746.15
992168,5746.33
595169,5749.88
296457,5754.85
750384,5754.85
510502,5755.54
241436,5757.44
252165,5757.44
523272,5757.44
767907,5757.44
889697,5757.49
408134,5759.01
133324,5759.91
883468,5759.91
678217,5761.11
186668,5761.32
491005,5762.47
266474,5763.27
318537,5764.65
922347,5764.78
368330,5770.68
629753,5771.61
409798,5773.9
949952,5773.9
210339,5775.52
557872,5776.34
343706,5780.18
357059,5780.18
901887,5783.18
612742,5785.22
937250,5785.22
871445,5786.49
681250,5789.35
418930,5789.85
412024,5790.46
905634,5790.46
299760,5790.57
182534,5791.01
996333,5791.61
953448,5792.67
617099,5793.16
274211,5794.1
318753,5794.1
618830,5797.6
429894,5799.06
253619,5800.19
147408,5807.66
633631,5808.93
196892,5809.26
215869,5812.0
241600,5815.05
665467,5817.83
494263,5821.13
860017,5821.79
275531,5823.16
753141,5823.16
366467,5824.82
995868,5827.48
278045,5828.18
359816,5828.18
432255,5837.53
235716,5838.13
208368,5838.9
533638,5838.9
750152,5838.9
972636,5838.9
938516,5841.53
997710,5841.53
625945,5846.11
538760,5846.42
897835,5847.42
115505,5860.17
464970,5862.8
529140,5864.38
638469,5866.42
698242,5867.13
250540,5871.18
442014,5872.96
859196,5876.05
444050,5876.37
746385,5876.37
381395,5878.2
740603,5878.45
464720,5884.31
230337,5885.34
441356,5885.34
971609,5889.51
770727,5890.53
651622,5895.11
750247,5897.56
858294,5897.75
465197,5904.85
105992,5905.97
469404,5907.91
660457,5908.16
547764,5912.78
333451,5913.31
823789,5914.95
704308,5917.47
722324,5923.21
227234,5924.67
967738,5924.67
266479,5926.73
301323,5926.73
775573,5926.73
948747,5926.96
814490,5927.39
130497,5928.75
381459,5932.56
871972,5935.82
176480,5936.01
838589,5936.34
433752,5943.07
709566,5947.22
916003,5947.22
216109,5948.99
113529,5953.21
445146,5953.35
132563,5955.54
528160,5963.17
497201,5964.35
518582,5968.12
708566,5970.82
834063,5970.82
168349,5971.31
709844,5973.98
128749,5977.41
121068,5979.72
399101,5979.72
735266,5979.72
943460,5979.72
932973,5980.85
185509,5989.77
255108,5989.77
395384,5989.77
650721,5989.77
686728,5989.77
859343,5989.77
948117,5989.77
595028,5994.26
855510,5995.41
963016,5999.38
129914,6005.03
400486,6005.21
878653,6005.21
323154,6005.85
466795,6005.85
657730,6005.85
683288,6005.85
686220,6005.85
831442,6005.85
582166,6006.44
424585,6006.96
469075,6006.96
723715,6008.18
249352,6013.74
372824,6013.74
276806,6019.93
128950,6031.52
178461,6033.22
678967,6035.09
854831,6035.09
407798,6042.91
457552,6047.03
942191,6048.57
552823,6051.8
906826,6051.8
817744,6054.49
163615,6057.07
399065,6057.07
612488,6057.07
644893,6057.07
940523,6057.07
627670,6066.12
712220,6073.24
723061,6081.05
621218,6085.3
265072,6086.43
402638,6086.43
960913,6098.46
899734,6102.31
796347,6104.5
688178,6104.85
761600,6105.8
237293,6109.14
880406,6109.14
245356,6113.87
362736,6113.87
459971,6117.03
994541,6120.19
517533,6121.11
667041,6131.66
968090,6134.39
897545,6141.96
314441,6143.9
866362,6156.36
387584,6158.85
266429,6162.2
384328,6165.56
590393,6165.86
615989,6167.85
351238,6176.7
396726,6179.7
795174,6183.11
266326,6183.19
553973,6185.34
512179,6186.5
407032,6187.35
851499,6187.35
434888,6188.38
206332,6189.12
154606,6189.99
172348,6189.99
112842,6217.26
505204,6218.66
491404,6220.77
390562,6222.21
493894,6222.21
527244,6227.37
349730,6232.69
397533,6234.31
767058,6234.31
458939,6239.26
244538,6240.66
681270,6243.14
576736,6245.44
206680,6265.34
475550,6265.34
702257,6265.34
921357,6265.34
941621,6265.34
180321,6269.14
773095,6269.59
445632,6271.32
658175,6272.42
568814,6273.17
692275,6273.91
380255,6274.45
936860,6277.01
463490,6282.32
827334,6285.31
274107,6289.8
506170,6291.59
874842,6292.74
552546,6293.96
519276,6300.44
560713,6305.93
723672,6305.93
438299,6308.92
657842,6308.92
231090,6310.4
236874,6314.58
504311,6314.58
289693,6314.6
775185,6314.6
206366,6317.37
197973,6326.68
576354,6331.34
590025,6331.34
827819,6333.03
447943,6342.47
595334,6347.5
358039,6358.25
508923,6360.65
649404,6361.95
177677,6366.23
239955,6366.23
565351,6366.23
969219,6366.23
146099,6369.26
312226,6369.26
624980,6369.26
785738,6369.26
898438,6371.32
229308,6376.75
605874,6383.48
929282,6383.61
424688,6386.28
965688,6386.28
140823,6388.21
795486,6393.87
920145,6403.58
939333,6403.58
119638,6409.63
735171,6410.97
839579,6411.68
589074,6414.08
280879,6418.25
304117,6418.85
520202,6431.74
522285,6439.0
972121,6439.0
907636,6439.33
323249,6444.08
347013,6446.71
378920,6446.92
635616,6451.26
559879,6457.56
555831,6459.64
923201,6459.64
661708,6462.22
134397,6470.54
326988,6486.11
788354,6488.9
324125,6494.24
489221,6494.24
891696,6496.2
475123,6500.41
781052,6503.14
273478,6503.4
666702,6503.4
834523,6503.4
951624,6503.4
709479,6507.75
943553,6507.75
106839,6511.47
326418,6513.61
723820,6514.43
446302,6514.95
275209,6515.03
129976,6519.29
197096,6519.29
160707,6520.82
340604,6521.37
502784,6521.37
974209,6521.37
244611,6529.91
931244,6532.01
778590,6535.56
669810,6540.2
485705,6552.4
400265,6553.94
575070,6554.22
734838,6555.36
371159,6559.35
876254,6560.82
252563,6568.76
233738,6582.45
420008,6583.21
494536,6583.21
132935,6595.1
175832,6599.08
501602,6600.48
438869,6610.05
493350,6610.05
800878,6612.62
749112,6613.97
966372,6617.14
270969,6618.02
885723,6620.44
372237,6624.61
116207,6625.29
152014,6625.29
236794,6625.47
851370,6625.47
452994,6627.15
769602,6627.17
874184,6630.84
562361,6633.14
497281,6637.23
269297,6638.12
414757,6645.93
300945,6646.75
115749,6650.82
325382,6656.71
901690,6661.18
207220,6661.74
490932,6669.18
159351,6670.85
714757,6671.77
643476,6673.74
755406,6674.46
245440,6679.14
853266,6680.15
563428,6687.59
125919,6689.02
360256,6689.02
468192,6689.02
711775,6689.02
480502,6696.9
700430,6699.22
828988,6701.57
783928,6701.77
288491,6712.29
985211,6714.07
628924,6715.34
157672,6715.59
120140,6721.89
713299,6722.7
888430,6731.05
892632,6739.32
331992,6739.66
424917,6743.12
570796,6743.13
402706,6744.19
557458,6744.19
410218,6745.89
567261,6746.43
241455,6747.52
580472,6747.52
522111,6748.23
569720,6751.44
932100,6756.65
277188,6761.11
356812,6763.18
888115,6767.81
873468,6769.32
117358,6770.31
205195,6770.31
118379,6775.92
229210,6775.92
963642,6778.84
681822,6782.56
193953,6784.89
206284,6784.89
299501,6785.54
627778,6788.08
590727,6791.22
669501,6791.22
939766,6793.77
971164,6793.77
983416,6796.84
441113,6798.27
170656,6802.07
676371,6802.07
286611,6803.6
713085,6806.49
197509,6807.27
264904,6810.53
469238,6810.53
891810,6819.23
361707,6829.41
292617,6832.11
853608,6832.37
871287,6832.37
300051,6837.54
703505,6837.54
201683,6837.93
324143,6838.77
950947,6838.77
126219,6846.15
668325,6846.15
712026,6846.15
828918,6846.15
928804,6846.15
327910,6847.12
553530,6847.59
720536,6852.0
971627,6862.51
120868,6862.87
163388,6862.87
280659,6863.12
615578,6866.09
726735,6870.61
473648,6871.97
183096,6874.33
673492,6875.61
239184,6877.82
674933,6878.01
772381,6880.47
319433,6883.69
582429,6886.32
755362,6889.62
616611,6898.46
553089,6900.95
983968,6904.08
411204,6907.55
347629,6912.04
207860,6919.02
485933,6919.02
548126,6921.0
907934,6921.97
761694,6925.18
601625,6928.6
740407,6928.6
185561,6933.34
495912,6933.34
527838,6940.07
235709,6941.9
777351,6943.74
585793,6944.74
383147,6945.02
653890,6947.84
475395,6948.33
442251,6948.42
690776,6948.42
193147,6950.53
477787,6950.53
699739,6952.65
102207,6960.92
764578,6960.92
570469,6964.05
466645,6966.14
890617,6966.14
983199,6966.32
663513,6966.69
487726,6968.34
255623,6969.88
982501,6979.54
517129,6980.33
747655,6981.08
190561,6988.4
997653,6990.69
305150,6990.92
918053,6997.01
948831,7007.27
726684,7019.18
590936,7025.65
806348,7027.76
480021,7028.94
953341,7028.94
682840,7034.35
733434,7039.26
446662,7046.48
863809,7048.54
190256,7053.3
411272,7055.96
480389,7057.46
388624,7057.89
712132,7069.74
367511,7074.4
771667,7078.95
333595,7079.17
891647,7079.79
483623,7082.83
313477,7083.21
399666,7086.18
813439,7090.47
295533,7091.74
829162,7091.74
477598,7092.64
123773,7094.16
729542,7096.6
352809,7098.02
513778,7098.02
324662,7098.91
394248,7107.66
640555,7109.34
286370,7116.55
902298,7116.55
655480,7121.08
975944,7123.08
500115,7124.2
724139,7126.47
983713,7126.6
918984,7130.29
989478,7131.73
548390,7138.17
837327,7145.3
861558,7145.3
487901,7147.62
579684,7147.62
142545,7148.33
141181,7150.23
336127,7150.23
796990,7153.67
513125,7154.09
907015,7154.09
923336,7155.34
915243,7155.47
434657,7163.8
142749,7164.4
102168,7166.34
242839,7173.91
920326,7176.59
775678,7179.23
356561,7180.27
245929,7180.28
932249,7183.07
264308,7185.67
320414,7185.67
395639,7188.29
589745,7188.29
986018,7188.61
369658,7189.11
262374,7191.83
252782,7194.23
482711,7200.57
486112,7200.66
685608,7200.66
663072,7209.09
743335,7212.52
187710,7216.1
546259,7218.02
847724,7218.09
326724,7218.16
222425,7221.15
594626,7221.15
466862,7224.24
194694,7227.12
456436,7229.33
698647,7233.54
566640,7236.13
453034,7238.5
590647,7243.87
684776,7243.87
346090,7247.5
508934,7247.71
885888,7247.74
332716,7250.03
412995,7255.14
478373,7255.14
649487,7261.62
250422,7264.8
793801,7268.74
872069,7269.34
501217,7275.92
875473,7275.92
275933,7280.3
312248,7280.3
923041,7282.22
592485,7282.97
940256,7282.97
185013,7284.36
127827,7284.45
566957,7285.03
570920,7285.03
693528,7285.03
382739,7286.16
117725,7286.79
345931,7291.6
637927,7292.91
861191,7294.49
548883,7294.85
769891,7294.85
926175,7295.33
868830,7296.54
939320,7296.54
431020,7304.16
444218,7304.4
693913,7305.94
895180,7305.94
244721,7308.43
208329,7317.01
490562,7319.58
859871,7320.07
888131,7320.99
452282,7324.93
868926,7324.93
484853,7325.92
620674,7329.78
501165,7329.83
611464,7329.83
599925,7334.52
992524,7334.92
212977,7340.5
228673,7341.74
413345,7341.79
678603,7341.79
659481,7341.86
909800,7341.86
173884,7344.84
893661,7345.9
539854,7347.41
457695,7349.33
583788,7349.33
449858,7350.93
595024,7356.01
780266,7356.38
530839,7356.56
527582,7366.19
645927,7366.19
574745,7367.65
185808,7372.23
428526,7374.08
284290,7376.8
649104,7378.51
400030,7380.57
862543,7380.98
259219,7388.73
148322,7390.9
164313,7390.9
620084,7396.72
931238,7405.27
773012,7406.88
312455,7408.17
575573,7408.84
855372,7408.84
729161,7411.81
839132,7412.14
177146,7413.39
596297,7413.42
750280,7423.9
967093,7425.27
156750,7429.08
425620,7431.66
979548,7431.66
424983,7432.2
370517,7432.3
779573,7433.82
582493,7434.25
632399,7434.25
288164,7434.27
144695,7434.68
141043,7439.98
323345,7439.98
804534,7440.92
866501,7441.0
782503,7443.83
284889,7444.94
501189,7446.81
144328,7449.86
270183,7451.49
653324,7451.49
846717,7453.0
594636,7457.47
621731,7462.93
901780,7462.93
660395,7469.56
319658,7472.67
305572,7474.61
853037,7474.61
454145,7477.18
138896,7481.83
163598,7482.49
101356,7482.64
390435,7484.31
836622,7485.36
463230,7486.02
967693,7486.02
820370,7486.09
419953,7486.17
790734,7487.74
509474,7492.16
748586,7492.16
694757,7495.68
741422,7495.68
149782,7498.29
525579,7501.66
855400,7503.37
584537,7504.69
447401,7505.77
366727,7506.78
325901,7507.46
621832,7507.46
774226,7507.46
743320,7511.66
831797,7519.03
134827,7519.13
155763,7519.13
274083,7519.13
384412,7519.13
414727,7519.13
973860,7519.13
545378,7521.28
180207,7522.9
911089,7524.44
814698,7524.88
369603,7529.86
747509,7529.86
268842,7531.03
310534,7531.7
743734,7531.7
877730,7540.05
519933,7545.55
955138,7545.55
557932,7546.61
329730,7547.76
147986,7550.42
944491,7550.87
410209,7553.94
622334,7555.83
422276,7556.24
548244,7562.82
283122,7568.85
970401,7572.24
714536,7573.34
720197,7577.07
863490,7579.53
662665,7582.11
889796,7582.11
965590,7582.11
975466,7582.11
498989,7583.14
177457,7583.19
645688,7583.19
583175,7587.34
771753,7590.91
960082,7595.34
417118,7596.14
359138,7596.29
306203,7599.9
314147,7600.44
279967,7601.95
217497,7605.64
319671,7607.98
379038,7609.09
840481,7610.2
412743,7610.54
806815,7610.54
894724,7610.84
764703,7611.21
794602,7611.21
275298,7613.19
337260,7613.19
938873,7614.67
989406,7615.37
770591,7615.38
201891,7623.58
301155,7627.03
287591,7627.31
668136,7628.75
881001,7630.35
803844,7633.82
606344,7635.55
714944,7636.28
936603,7637.11
663343,7638.44
255183,7639.67
315225,7639.67
166535,7645.86
757885,7647.45
401943,7648.26
536517,7654.23
942403,7654.23
538507,7659.5
405201,7661.39
312312,7662.43
867624,7663.87
603539,7668.81
117351,7675.87
856942,7675.87
202271,7679.68
408838,7680.15
901520,7680.75
264491,7681.55
609296,7684.89
362925,7688.02
167933,7689.71
439251,7692.46
552669,7692.46
252679,7693.12
542893,7694.06
823436,7695.12
754517,7699.63
553943,7700.62
462616,7704.96
157566,7705.28
656360,7706.96
566550,7707.81
996488,7708.88
558543,7712.06
221075,7713.49
646178,7713.82
171419,7714.62
769166,7714.62
513661,7714.65
535852,7715.1
365138,7724.05
975181,7724.05
585386,7724.68
956144,7725.54
480074,7726.99
818077,7726.99
700497,7731.71
913721,7731.71
534009,7732.39
967628,7732.39
541000,7736.46
847601,7736.65
101515,7737.27
253082,7737.27
200309,7743.92
555024,7743.92
905360,7744.64
504860,7748.81
253689,7756.17
345244,7756.44
763621,7758.59
804368,7758.59
708982,7761.27
729205,7762.59
121919,7764.27
884708,7765.23
737451,7771.02
666572,7771.16
430500,7771.58
463263,7771.58
443199,7776.84
604943,7776.84
327866,7778.53
617447,7780.49
427163,7780.9
920171,7782.13
909543,7783.78
122890,7785.0
697029,7785.67
884062,7786.68
400392,7787.43
912588,7799.44
593039,7803.5
911852,7804.6
107487,7805.31
192009,7805.31
717407,7805.31
640116,7806.14
849813,7809.86
282723,7814.6
122020,7822.3
143266,7824.37
163776,7832.57
892556,7834.15
924878,7834.15
854884,7835.68
546171,7835.93
844479,7838.07
148612,7840.17
235506,7840.17
517472,7840.17
700011,7840.17
780236,7840.17
874876,7840.17
990955,7840.65
743256,7842.38
931828,7844.25
408493,7849.13
415148,7850.13
397848,7850.59
154855,7851.35
890437,7851.35
766909,7851.58
322435,7851.9
438511,7853.96
365413,7854.96
423978,7857.3
628081,7858.05
362167,7858.11
418753,7859.41
264486,7860.09
100550,7861.8
600482,7865.18
911920,7865.18
816937,7868.17
118612,7868.81
209405,7869.43
262810,7869.43
258228,7870.36
730748,7880.34
846515,7887.82
166110,7887.96
223632,7891.58
156666,7892.82
834066,7897.02
967904,7899.22
534151,7903.99
948961,7908.45
403473,7908.67
131761,7911.63
189197,7918.33
643225,7919.83
572811,7928.83
979901,7928.83
726848,7933.82
318264,7942.17
105700,7944.97
240886,7948.57
489115,7948.57
961595,7949.28
281926,7950.57
736518,7950.57
612122,7955.44
859144,7955.77
327498,7956.15
493775,7956.15
509714,7957.63
875483,7960.01
142609,7974.39
210910,7974.39
848185,7980.3
550896,7981.44
847136,7981.44
876057,7983.43
573986,7985.47
817609,7986.19
152305,7988.26
537397,7988.26
739684,7992.78
415640,7995.44
513246,7998.14
156730,7998.35
515185,7998.35
259067,8002.31
303049,8002.31
505179,8002.31
465170,8004.21
118320,8005.96
612834,8007.35
100890,8007.4
177483,8007.4
327555,8007.4
845176,8007.4
313688,8010.97
348751,8012.12
902555,8012.37
599560,8013.9
902993,8018.5
830743,8024.9
388292,8025.23
811289,8026.05
880205,8026.05
369841,8026.28
225087,8029.39
879787,8029.72
603653,8031.71
654540,8032.4
711500,8034.52
365515,8041.2
456259,8044.51
314202,8044.73
793761,8044.73
102726,8044.87
232022,8044.87
482796,8044.87
901747,8044.87
617326,8047.41
401101,8056.9
861867,8056.9
383912,8059.89
769495,8059.89
959044,8060.16
853565,8061.2
752609,8066.07
551652,8068.62
819149,8071.33
991983,8072.75
222065,8079.83
331353,8079.83
528447,8080.95
767908,8084.85
793285,8086.01
785826,8087.22
488891,8090.88
355039,8092.88
683485,8092.88
856364,8092.88
871206,8092.88
916843,8092.88
556050,8093.41
937742,8093.41
688891,8093.9
315054,8096.31
964744,8098.51
979598,8099.84
572345,8104.43
513480,8105.81
212493,8105.87
936570,8105.91
600220,8107.27
141844,8109.36
627428,8110.33
463361,8110.7
559388,8110.7
426022,8111.65
535251,8119.83
390117,8123.02
144355,8131.78
792418,8133.16
182782,8139.53
393853,8145.99
148201,8149.77
306872,8149.77
225529,8161.17
573344,8161.58
417553,8161.78
799622,8161.94
277341,8162.62
246323,8164.31
490553,8164.31
815584,8168.71
983393,8169.33
383787,8169.51
714121,8169.51
110001,8173.5
124377,8175.32
344797,8178.24
822665,8181.72
700748,8183.59
478315,8186.1
278815,8188.92
370842,8188.98
703249,8188.98
590989,8193.09
836112,8193.56
776782,8193.75
477362,8197.71
117460,8203.22
454665,8203.22
969500,8207.78
128467,8209.05
825165,8217.43
226866,8223.16
844959,8229.24
628431,8236.92
746580,8237.04
969092,8237.38
510329,8238.46
192685,8246.83
616162,8247.95
105552,8256.3
263068,8256.3
638466,8256.3
712590,8256.3
969350,8256.3
999986,8257.01
164034,8257.67
684123,8257.67
883174,8257.67
621190,8259.11
402964,8260.64
104103,8262.88
170791,8263.48
179053,8263.48
849105,8264.75
672570,8267.12
661150,8269.08
237319,8270.63
936305,8270.63
831404,8272.33
684934,8272.49
833754,8273.11
336357,8274.15
763071,8275.9
989986,8275.9
399251,8276.44
718764,8276.44
743481,8277.64
944980,8277.75
644374,8278.72
738279,8281.74
889786,8283.07
991627,8283.84
432392,8288.16
809404,8291.66
452459,8293.48
452208,8295.98
248620,8296.18
320031,8296.18
682980,8302.32
527565,8304.69
750171,8304.69
961837,8310.7
105712,8311.14
750862,8319.12
374401,8323.53
824076,8323.53
721713,8324.23
227433,8329.04
650801,8334.32
757041,8334.32
489371,8334.36
698988,8336.08
454720,8339.0
885274,8339.0
413798,8341.62
767857,8341.62
335324,8341.93
952244,8346.02
595747,8355.51
146527,8355.77
647393,8356.18
112732,8360.15
340638,8360.15
819809,8364.5
214030,8365.68
646198,8365.68
142649,8365.96
428162,8368.88
221627,8370.4
535183,8372.85
698505,8375.35
867327,8376.33
268789,8377.5
104732,8382.48
759322,8382.48
760077,8382.48
329214,8382.63
496357,8382.63
851982,8382.63
668510,8383.68
210870,8385.25
840021,8391.13
906715,8392.62
984055,8392.62
923799,8395.27
898417,8396.33
164512,8400.79
790940,8404.4
297167,8406.39
662848,8406.76
929707,8408.31
148234,8408.32
999788,8409.07
623327,8414.94
904410,8415.64
494885,8415.68
718454,8415.68
553396,8417.0
863384,8417.16
444085,8426.06
743835,8426.06
113040,8427.17
540756,8427.17
773739,8427.17
912352,8427.17
775440,8427.72
636673,8428.47
937849,8429.49
262717,8430.06
532759,8432.82
453466,8433.23
213297,8434.12
758328,8435.18
254667,8444.84
137020,8456.27
767767,8456.46
788555,8456.46
867472,8456.72
148111,8456.96
600021,8457.46
624935,8458.53
760614,8458.53
559483,8458.91
689839,8460.81
244419,8470.04
332409,8470.04
211625,8471.29
611582,8476.81
547217,8478.28
876850,8478.28
514523,8478.3
954570,8478.82
718516,8481.31
118298,8482.46
823257,8487.24
368062,8488.56
472488,8488.56
549540,8491.02
421580,8491.86
998112,8491.86
985516,8495.16
484504,8496.06
763591,8496.36
601626,8500.12
618302,8500.12
149225,8500.91
399417,8500.91
482528,8501.28
919951,8501.28
979467,8501.65
822696,8502.24
810517,8503.94
883963,8507.13
493369,8507.83
843642,8509.02
222874,8509.85
255653,8509.85
606989,8509.85
740326,8509.85
763241,8509.85
883065,8509.85
844046,8512.13
183023,8513.59
948785,8514.39
683664,8516.75
294617,8522.76
157816,8528.29
556688,8531.4
477295,8532.99
891218,8533.83
586870,8543.25
748914,8543.25
204535,8543.33
170211,8544.41
616226,8545.61
533198,8547.59
979389,8547.59
420856,8548.3
174044,8550.39
576878,8550.39
386979,8555.89
591641,8556.58
930089,8558.04
132884,8561.56
200802,8561.56
754850,8563.97
206466,8564.77
320180,8564.77
999911,8564.77
582256,8569.36
732377,8571.48
966920,8575.96
769669,8578.36
767534,8579.89
860724,8583.27
918350,8583.27
267930,8583.85
934150,8590.33
758927,8591.6
426990,8595.67
519677,8595.98
302414,8596.92
967462,8608.16
350269,8609.16
967966,8609.16
698072,8610.67
832864,8613.46
846796,8613.46
248138,8617.55
902608,8618.3
104541,8621.0
263866,8622.84
514530,8622.84
940156,8622.84
312530,8624.92
347423,8625.84
990077,8629.33
571169,8630.7
569313,8640.75
872341,8640.75
516271,8641.05
920118,8641.05
186020,8646.5
247692,8646.5
559342,8646.5
639116,8653.3
316982,8653.56
321748,8653.56
357589,8656.4
483198,8656.4
652501,8658.86
622632,8661.74
401062,8662.05
451226,8662.05
252628,8663.36
379117,8663.5
883852,8663.5
735676,8665.96
228273,8668.61
863744,8672.81
585271,8673.59
833197,8673.59
148690,8679.84
221469,8679.84
295138,8681.05
115427,8685.92
729293,8685.92
309602,8688.75
575434,8692.28
823816,8692.64
957571,8693.65
303573,8697.79
541741,8697.88
351889,8707.62
368435,8707.62
118675,8708.28
489628,8708.28
705911,8709.32
425826,8709.85
698627,8709.85
325599,8712.16
358792,8714.92
885682,8714.92
333644,8717.05
565690,8717.05
662750,8717.05
733608,8717.05
618461,8717.56
437440,8717.85
885357,8717.85
323068,8719.9
464828,8720.46
965482,8720.46
394200,8722.9
519873,8728.46
846243,8728.46
343051,8730.42
882044,8732.09
721300,8736.5
904378,8737.84
311762,8738.3
209886,8742.06
347987,8742.06
749972,8742.47
667798,8743.85
965012,8744.73
247050,8750.64
463854,8754.23
763224,8759.59
628017,8763.45
858445,8763.45
348774,8767.63
992930,8779.09
340924,8783.17
312774,8793.52
633992,8798.31
838160,8802.19
160135,8804.54
467685,8804.58
100504,8807.61
284892,8810.9
530299,8810.9
387695,8818.05
234922,8819.02
268307,8819.02
407008,8819.02
440699,8819.02
592034,8819.02
416127,8828.93
672819,8828.93
221595,8834.32
187758,8835.16
136169,8836.03
105193,8838.09
759017,8838.09
860657,8838.09
862212,8838.09
162496,8840.19
994443,8841.77
528095,8845.07
185531,8845.19
280574,8847.44
537887,8849.69
543862,8849.69
734752,8852.69
428520,8858.35
189329,8860.65
567070,8860.65
542574,8861.15
134000,8861.9
396863,8861.9
134738,8869.62
198499,8874.55
989429,8874.55
150291,8879.79
231319,8879.79
235092,8879.79
283358,8879.79
652781,8879.79
749212,8879.79
846125,8879.79
781797,8888.14
373737,8888.88
235030,8900.42
504802,8901.47
845684,8901.68
177199,8906.99
460938,8915.17
239525,8920.46
152338,8923.11
374344,8923.15
744528,8923.15
140191,8927.57
755082,8935.27
207492,8936.37
827353,8937.12
974777,8940.58
672039,8945.69
208553,8954.43
561961,8954.84
809587,8954.84
121737,8960.28
489592,8960.28
198961,8962.8
319123,8970.65
122561,8972.14
584405,8991.98
544306,8992.78
806008,8997.04
112632,9006.6
434098,9006.6
511835,9009.22
338125,9011.76
288112,9012.92
161241,9015.82
517781,9024.2
648077,9025.07
671077,9027.87
535892,9028.31
973357,9028.31
542287,9029.94
966698,9029.94
262586,9031.21
355512,9031.21
739513,9031.21
983551,9031.21
771353,9033.25
738651,9034.31
753994,9034.31
300964,9035.67
423119,9035.67
591414,9035.67
666667,9036.66
431286,9043.68
523037,9043.68
184924,9048.98
231755,9048.98
268500,9048.98
311692,9048.98
168160,9050.76
145988,9051.71
760835,9057.94
170965,9061.63
898119,9061.95
883755,9067.66
589795,9075.77
879812,9075.77
128615,9079.82
734224,9079.82
913522,9080.6
716019,9080.64
765293,9080.64
313602,9090.27
382678,9095.05
482567,9095.05
794863,9095.05
971987,9095.05
361109,9100.73
855506,9102.27
725413,9102.9
817375,9106.87
811567,9111.76
833793,9111.76
856074,9117.44
114018,9120.07
715300,9120.07
335162,9124.6
219276,9144.86
502012,9148.88
414741,9152.49
615529,9155.24
631379,9156.27
210236,9159.01
170566,9165.72
261187,9171.0
861058,9177.95
871074,9180.15
704270,9185.03
535587,9189.52
348471,9191.67
969342,9191.67
264741,9192.59
925353,9192.59
491495,9199.39
698390,9199.39
693372,9199.54
955448,9199.54
103536,9202.64
444237,9202.64
562501,9206.43
315361,9206.6
459636,9206.6
299419,9215.54
819497,9217.98
625320,9220.01
944243,9220.01
770524,9227.57
375987,9227.95
514616,9227.95
550686,9233.19
622324,9238.31
232137,9246.22
867046,9247.46
585853,9256.92
706106,9256.92
486422,9259.72
372353,9259.73
772608,9263.18
280602,9264.33
144523,9269.68
438746,9275.68
628837,9283.74
530666,9294.55
959821,9312.59
837932,9320.09
570683,9320.24
783610,9320.28
268076,9322.09
966389,9332.49
413266,9333.08
516674,9333.33
933779,9333.33
385747,9337.9
540901,9338.08
996997,9338.08
530098,9339.34
289134,9343.2
904693,9343.2
287799,9366.82
945780,9372.84
187435,9378.63
789057,9384.65
208787,9388.98
282545,9388.98
517945,9392.56
445549,9393.97
441345,9402.73
967274,9403.88
421748,9403.96
852253,9403.96
666504,9404.45
775639,9404.45
364372,9406.38
383826,9407.45
437598,9410.67
610432,9414.12
140769,9414.94
472921,9415.53
270935,9422.97
817613,9422.97
842279,9427.68
221446,9429.63
341549,9435.54
366116,9448.83
437288,9449.75
672781,9463.11
235857,9470.27
883606,9470.27
521545,9470.62
797187,9472.96
827190,9472.97
381284,9476.9
397377,9486.6
309108,9487.72
716371,9487.72
122545,9490.41
159227,9492.34
698122,9500.08
319378,9501.01
366263,9501.01
202329,9521.22
537990,9536.34
863751,9536.34
735000,9538.77
582674,9546.82
758695,9549.11
215639,9551.17
953431,9552.93
998820,9552.93
400979,9553.42
384010,9555.17
943211,9555.17
512219,9560.05
953673,9560.05
348238,9575.36
347001,9581.28
175387,9587.33
180137,9591.23
559124,9591.23
242637,9594.78
369392,9594.78
794248,9599.95
421458,9613.61
886361,9621.73
376572,9624.94
917798,9638.07
647214,9642.21
264690,9656.21
150909,9656.76
686196,9656.76
181607,9657.58
526165,9657.58
570406,9657.58
828895,9657.58
281571,9664.33
610631,9667.13
182531,9672.7
115633,9685.54
284419,9705.31
793154,9707.65
779427,9708.5
475700,9709.75
437251,9732.58
981198,9743.35
840135,9752.7
158113,9764.95
294396,9764.95
114903,9767.94
639613,9774.61
817102,9778.73
999304,9778.98
552235,9780.85
531868,9787.81
139023,9788.71
765202,9788.71
136516,9799.18
938628,9801.29
965948,9801.29
249982,9802.55
606117,9805.83
456095,9806.22
805140,9806.22
845061,9807.83
346499,9816.53
397817,9816.53
716589,9816.53
756043,9816.53
757547,9816.53
934604,9816.53
325190,9840.08
114307,9863.5
809301,9863.5
468380,9868.6
444786,9877.3
842770,9890.21
633910,9902.39
660958,9915.9
233437,9918.7
874158,9918.7
150074,9927.88
903379,9927.88
782596,9928.87
210498,9934.87
494206,9935.17
200681,9951.71
585420,9951.71
219747,9955.49
353396,9971.02
853272,9971.02
467926,9983.13
285631,9985.37
651740,9985.37
616500,9986.66
628533,10003.25
783438,10004.75
622822,10010.14
227796,10014.03
328181,10014.06
384686,10014.06
536941,10016.29
414584,10049.29
329833,10053.55
627191,10053.55
855381,10058.74
495369,10064.61
263237,10083.49
526784,10083.49
714962,10083.49
783300,10083.49
830818,10083.49
821117,10097.69
837360,10103.65
119731,10103.66
720557,10110.96
319387,10114.99
290756,10129.51
826556,10130.93
479766,10144.31
163058,10145.44
788217,10148.42
961978,10148.42
299034,10155.3
150004,10168.27
549562,10171.34
684371,10175.24
317624,10179.72
529988,10179.72
835764,10179.72
395300,10193.77
391091,10196.11
577844,10196.11
166677,10208.93
457797,10208.93
579322,10208.93
682194,10208.93
719706,10208.93
472807,10209.02
348056,10209.93
836295,10213.99
608087,10232.85
264733,10242.41
618112,10244.24
256502,10255.8
564813,10272.61
952434,10280.81
793328,10288.92
861156,10298.39
749883,10314.52
381471,10339.6
797897,10339.6
823665,10340.46
903209,10348.01
949406,10357.63
169529,10359.02
908404,10359.02
592302,10377.37
111286,10382.38
432145,10382.5
554155,10388.55
166175,10391.78
909106,10392.96
708360,10394.36
512522,10395.71
838584,10395.71
785992,10408.97
889023,10408.97
326803,10418.31
182785,10426.09
183456,10436.57
799148,10436.57
192141,10442.45
821462,10453.26
358054,10461.58
738253,10481.94
864084,10481.94
146090,10484.92
471706,10484.92
584737,10484.92
792915,10484.92
959402,10484.92
482169,10487.74
491986,10492.97
788325,10498.93
920175,10498.93
442192,10507.69
812248,10517.16
833233,10551.15
744204,10552.17
311346,10552.43
525740,10552.43
492011,10569.63
690191,10594.13
442418,10598.54
127350,10614.64
262770,10623.41
470245,10623.41
172971,10628.06
302874,10628.06
121930,10629.22
199652,10629.34
661469,10629.34
787276,10633.5
295064,10634.84
172532,10656.88
254097,10656.88
324248,10656.88
649918,10656.88
773364,10656.88
817932,10656.88
472933,10660.9
727072,10660.9
415201,10662.63
311841,10682.76
592431,10700.5
580212,10719.08
975918,10719.08
892199,10720.42
588292,10721.61
314558,10722.06
309639,10732.51
512284,10747.03
232395,10759.4
237274,10759.4
208940,10808.07
106623,10827.87
819055,10831.13
913060,10831.13
414661,10839.51
970576,10839.51
210226,10852.96
987122,10852.96
285982,10856.01
553018,10856.01
341302,10856.18
414033,10876.48
951546,10914.2
144402,10915.36
588864,10926.69
454985,10934.74
370539,10937.18
966797,10937.18
595658,10960.94
144977,10963.96
300836,10963.96
408378,10963.96
575089,10963.96
945974,10963.96
947906,10970.13
350587,10972.07
829263,10972.07
844949,10972.07
296566,10978.78
320980,10979.1
409156,10979.1
549444,10990.59
633749,10990.59
649961,10996.71
401857,11003.02
605803,11003.54
359275,11009.13
457456,11009.13
532464,11009.13
818881,11009.13
161045,11029.93
443865,11030.66
489394,11044.11
675936,11044.43
423844,11072.03
205156,11084.61
653572,11093.72
137858,11095.97
597532,11095.97
725004,11121.62
907209,11121.62
102788,11124.21
149846,11158.13
547016,11158.13
147064,11160.08
194762,11160.08
227547,11177.75
382271,11211.59
109495,11218.44
127039,11274.91
722120,11274.91
784847,11277.72
734647,11280.73
106037,11281.52
896685,11293.98
873169,11302.6
209249,11315.2
428903,11315.2
542296,11315.2
961639,11315.2
868552,11318.09
529922,11318.13
919437,11320.83
142855,11323.36
282472,11365.27
612995,11389.94
883025,11413.44
165550,11431.73
190052,11463.99
475974,11463.99
355906,11472.24
563076,11473.48
894478,11473.48
787875,11490.34
828643,11490.34
423686,11510.36
265975,11513.36
545889,11516.41
952077,11537.51
587867,11565.69
862097,11572.1
683487,11606.85
524586,11610.25
632097,11610.25
105335,11611.95
681961,11611.95
306676,11619.92
130217,11624.82
263267,11624.82
255425,11628.73
286942,11638.67
249693,11638.9
849298,11638.9
978712,11638.9
177583,11658.6
335964,11660.57
755759,11660.57
681887,11663.99
678858,11665.1
409741,11681.37
505167,11681.37
217772,11692.01
261715,11701.07
600563,11714.78
487605,11726.19
106592,11727.78
525548,11747.65
138653,11763.94
642401,11785.04
111034,11790.5
629394,11790.5
937922,11793.13
674805,11820.11
740577,11820.11
481191,11834.73
191537,11885.97
609174,11923.75
261077,11925.72
671309,11926.75
579883,11944.4
171192,11960.48
627568,11971.98
920068,11972.78
463146,11981.98
792361,11981.98
823208,11981.98
467175,11982.42
835377,11986.59
110211,12036.62
124056,12036.62
129409,12036.62
369035,12036.62
619826,12036.62
683470,12047.78
825217,12052.98
534481,12067.46
691909,12097.91
756891,12097.91
445879,12101.21
827790,12105.29
959778,12105.29
148382,12128.37
544337,12128.45
194482,12157.33
364264,12157.33
523897,12157.33
907025,12157.33
503242,12157.54
694942,12168.74
476539,12174.59
272787,12200.79
603077,12206.89
227239,12208.12
290250,12208.12
628578,12231.88
726268,12232.78
483863,12244.9
213841,12252.6
179603,12255.12
221721,12265.6
336238,12269.42
956946,12269.42
317100,12280.77
707114,12280.77
722368,12280.77
214661,12285.05
855384,12285.05
192136,12298.69
365619,12298.69
598711,12298.69
670985,12298.69
753887,12298.69
124038,12302.76
516242,12316.8
187958,12321.84
211966,12332.52
677045,12349.7
352034,12379.57
238193,12383.53
482370,12421.86
816420,12421.86
472532,12472.12
750665,12476.65
891927,12489.21
344483,12495.74
488188,12500.84
667974,12519.8
858125,12520.98
972673,12521.42
250194,12522.54
659781,12550.88
760196,12550.88
187175,12564.07
561981,12590.94
812599,12622.83
702161,12624.96
352702,12663.6
186469,12663.99
380709,12682.25
313473,12689.43
562376,12694.89
212209,12731.95
469616,12731.95
622801,12731.95
740025,12731.95
308202,12741.85
973112,12741.85
525508,12759.28
228995,12767.23
666222,12779.06
560283,12779.9
330870,12780.28
394941,12780.28
394715,12807.09
828816,12812.44
762971,12817.41
400224,12819.1
130208,12827.43
950213,12875.6
690969,12877.78
775170,12880.75
790178,12883.12
517222,12885.79
305604,12887.43
683685,12887.43
910645,12902.56
790475,12913.5
901578,12941.89
565227,12947.68
376630,12948.4
527656,12981.53
651277,12992.28
828109,13009.24
692992,13014.23
111899,13021.09
120164,13024.13
768113,13024.13
972462,13024.13
427358,13027.42
364153,13037.03
424526,13045.37
838032,13045.37
615327,13046.65
263921,13055.57
994679,13055.57
549598,13057.17
834760,13061.52
607123,13092.59
789001,13092.59
134470,13094.2
164374,13094.61
498573,13104.15
822749,13107.93
537421,13110.55
126526,13113.14
240760,13115.41
882725,13115.41
196240,13117.52
798029,13144.49
867284,13144.49
232317,13156.75
551296,13158.37
272848,13167.61
278307,13197.93
410938,13197.93
880709,13197.93
116562,13235.54
891105,13246.57
272001,13248.64
492036,13258.18
568329,13258.18
182148,13265.51
176142,13268.79
860206,13268.79
595980,13269.6
586446,13272.23
407999,13277.08
514451,13283.86
494438,13295.6
226710,13333.39
900505,13334.27
226360,13350.12
585039,13352.56
114857,13355.49
304870,13355.49
160154,13363.52
322501,13363.52
364049,13367.87
251211,13369.44
155654,13372.33
395324,13379.81
538795,13411.31
363780,13419.4
711129,13441.01
344039,13448.81
906267,13464.6
297621,13466.92
489459,13473.19
428402,13478.8
216359,13523.13
424270,13523.13
549200,13530.03
288530,13552.78
350901,13561.43
388140,13561.43
646137,13569.24
331699,13575.68
521949,13579.3
835566,13579.3
356955,13583.62
718972,13599.92
826136,13610.11
278983,13623.62
584880,13668.36
212553,13727.8
398846,13727.8
541961,13727.8
549715,13727.8
710515,13727.8
375540,13736.13
477676,13736.13
628618,13736.13
918163,13736.13
489301,13742.54
162420,13745.05
259252,13745.05
203625,13752.47
323792,13752.47
124088,13770.98
945064,13770.98
875819,13776.74
352653,13778.37
405699,13778.37
815328,13780.49
880740,13786.7
623071,13799.05
708892,13815.78
237586,13862.1
364895,13864.38
771960,13865.83
360744,13869.93
409684,13869.93
909328,13883.33
177962,13891.68
101768,13916.93
793423,13917.38
642738,13918.53
251195,13931.35
935313,13955.57
257236,13976.52
626068,13976.52
217401,14002.38
563633,14002.76
757879,14019.83
591234,14019.98
936761,14019.98
126466,14024.36
320576,14024.36
497226,14024.36
794480,14024.36
830225,14032.59
406988,14040.96
423336,14040.96
377724,14050.17
800137,14082.64
232685,14091.19
784782,14120.04
991924,14120.04
257862,14140.56
479960,14140.56
109552,14166.2
915198,14166.2
152276,14195.36
475175,14203.04
593421,14206.98
872676,14206.98
175488,14208.51
561654,14208.51
719850,14226.5
721372,14226.5
988728,14228.23
289133,14230.32
733907,14244.73
939428,14267.93
754416,14274.55
658546,14333.92
802860,14396.24
895878,14413.38
484446,14429.89
116932,14435.66
281608,14435.66
506572,14435.67
618877,14455.86
155964,14476.12
196992,14510.75
255267,14517.44
789120,14517.44
445783,14536.79
429692,14558.42
997654,14566.09
832921,14585.38
324900,14590.25
572668,14590.25
185774,14594.45
170534,14628.5
111022,14635.45
419377,14635.45
797078,14635.45
428757,14641.52
131560,14642.14
963690,14651.62
277094,14663.2
696096,14663.2
174925,14666.23
717359,14666.23
518834,14687.08
539125,14696.64
399372,14700.5
845807,14703.13
969586,14710.43
556164,14713.52
345572,14718.12
467607,14748.92
888049,14754.36
184456,14789.62
873426,14808.06
334324,14816.95
396867,14827.91
865798,14837.5
183692,14854.2
265566,14854.2
301301,14866.45
931914,14866.45
556865,14886.71
230693,14914.53
810693,14941.9
921903,14941.9
185857,14947.92
947001,14947.92
156980,14962.37
336724,14970.29
389081,14970.29
859730,15023.6
344464,15025.19
304779,15032.9
302158,15083.78
474333,15114.4
620122,15114.4
692328,15114.4
920100,15114.4
799781,15118.9
385912,15119.56
929410,15119.56
912939,15120.21
418327,15122.99
804536,15122.99
141945,15147.93
796484,15147.93
763341,15162.07
659419,15167.04
798433,15173.97
220139,15182.28
385358,15182.28
312048,15234.75
480259,15251.58
501976,15253.26
502376,15265.81
425477,15277.48
585082,15304.52
451961,15328.46
604461,15362.35
834304,15374.18
773418,15415.04
841770,15415.04
754042,15417.73
642002,15428.01
369229,15435.69
551946,15435.69
542043,15445.66
840866,15445.66
108625,15470.6
624407,15470.6
950446,15481.25
822956,15485.8
631543,15487.44
440642,15512.25
966953,15512.56
933259,15519.67
244367,15550.19
298181,15638.58
793904,15656.03
921059,15663.66
334997,15673.14
328446,15695.54
925504,15695.54
693133,15739.92
499890,15785.3
406810,15797.99
545947,15797.99
800610,15808.76
209787,15814.75
947497,15839.09
943195,15860.04
386342,15865.17
557519,15923.96
260408,15925.06
672236,15925.06
585316,15956.52
268129,15978.91
506252,16005.51
613860,16045.11
694241,16069.95
297306,16138.42
814894,16159.54
220892,16172.94
973846,16172.94
725835,16224.54
894322,16229.65
137646,16256.81
712874,16261.17
828967,16261.59
344413,16265.59
968253,16280.2
167578,16301.97
648380,16301.97
379836,16313.68
159397,16350.13
585975,16350.13
126424,16355.31
149174,16388.1
975407,16388.1
296097,16407.66
129827,16460.08
491643,16464.37
290109,16468.22
794625,16468.22
106218,16473.17
283437,16473.17
631100,16473.17
903534,16473.17
955087,16473.17
142434,16477.48
846458,16477.48
473775,16477.77
627354,16484.02
131098,16510.97
621823,16510.97
750130,16525.38
941545,16547.64
949821,16570.09
662936,16675.9
985707,16702.7
895080,16706.12
424793,16727.56
106509,16727.77
967443,16728.34
152355,16775.81
511875,16794.31
913156,16796.34
838634,16798.86
404106,16874.33
164192,16887.8
777197,16909.93
878240,16936.27
122173,16973.74
950107,16973.74
292061,16979.8
320377,16979.8
936044,16979.8
967500,16979.8
646399,16985.5
331560,17019.01
241854,17019.19
465864,17029.89
981427,17041.44
277826,17103.79
896283,17223.89
715792,17263.64
175017,17349.03
564114,17367.27
450125,17429.88
228896,17441.64
271235,17497.52
382252,17497.52
626030,17497.52
152307,17526.18
290465,17556.99
329910,17557.54
503257,17557.54
960417,17625.54
507005,17646.73
103490,17651.96
922047,17651.96
805902,17666.57
107119,17684.65
584727,17712.21
677901,17771.55
742666,17771.55
270499,17776.82
665454,17786.28
126100,17790.41
761305,17790.41
568525,17816.68
947763,17822.56
994803,17822.56
667781,17840.2
537013,17966.29
978040,18039.11
685518,18042.48
300623,18060.48
834943,18065.27
239605,18089.8
365208,18211.14
914044,18211.14
411586,18321.24
472824,18321.87
900083,18321.87
911503,18370.57
712426,18399.83
512097,18474.71
643059,18522.29
246187,18534.61
333295,18544.3
815643,18569.5
688533,18635.9
677329,18688.31
166273,18704.85
732808,18708.76
764595,18708.76
738431,18745.4
334437,18767.55
989746,18767.55
476068,18853.74
735263,18892.2
739352,18898.33
201436,18929.33
380788,18938.54
380954,18938.54
509810,19014.48
735038,19045.5
310833,19088.34
459404,19160.99
620969,19160.99
762072,19190.32
672600,19228.46
194493,19253.03
693922,19278.82
454514,19323.24
366977,19357.37
931701,19357.8
116895,19378.91
795084,19378.91
828924,19393.21
139699,19480.5
815381,19483.24
819842,19483.24
758789,19504.47
390480,19597.06
413994,19643.54
683838,19643.54
480957,19644.76
956233,19644.76
434807,19668.87
695162,19668.87
950707,19685.41
569677,19690.44
315014,19731.34
128587,19834.2
576110,19834.2
471944,19837.31
843378,19872.26
700650,19884.92
477157,19955.26
237402,19957.79
353076,19964.4
878575,20067.4
340802,20096.89
486831,20096.89
952696,20096.89
173398,20120.56
832301,20171.96
721366,20215.39
535151,20216.31
881362,20216.31
678205,20230.97
312744,20239.38
910416,20266.5
999940,20266.5
222490,20314.44
550539,20380.07
687984,20461.15
882911,20461.15
751718,20474.15
976007,20474.15
647956,20477.11
981691,20492.74
145017,20498.83
193827,20579.69
594672,20600.24
667314,20604.02
452342,20635.08
699751,20714.94
330278,20725.38
467894,20725.38
160640,20766.67
969165,20766.67
601341,20774.02
641039,20774.02
737542,20842.6
190429,20878.41
687401,20940.3
462036,20946.19
565634,20957.61
412880,20998.26
558040,21034.02
994940,21034.02
732231,21101.21
395622,21112.54
812894,21123.12
888357,21147.28
404805,21151.23
866455,21240.94
163137,21255.5
837615,21274.34
164947,21283.64
109517,21295.51
801788,21312.38
865198,21312.38
272289,21343.47
718752,21404.36
750199,21418.36
191044,21423.64
220822,21423.64
477654,21423.64
755290,21423.64
790165,21423.64
131772,21435.88
291831,21435.88
736220,21480.82
184959,21522.95
904704,21531.33
501490,21561.71
123151,21578.86
727348,21590.44
481590,21639.84
483125,21639.84
688319,21892.35
800196,21892.94
148677,21903.91
517739,21923.12
640009,21941.86
398351,21991.62
770759,22041.86
669894,22062.55
887609,22067.73
993266,22067.73
808096,22103.51
833322,22103.51
853438,22103.51
887209,22103.51
912712,22103.51
678991,22110.4
895821,22118.81
479445,22195.8
757696,22195.8
254361,22207.83
380262,22217.97
274765,22235.01
665024,22256.69
958544,22261.02
350631,22325.83
742321,22332.44
746061,22332.44
830836,22332.44
933208,22337.16
921624,22399.13
312979,22445.28
485745,22563.62
476652,22620.75
595083,22620.75
121856,22658.54
371969,22658.54
428114,22658.54
670981,22658.54
773571,22658.54
510865,22712.02
123727,22721.24
456958,22721.24
508022,22800.54
787660,22800.54
329839,22806.47
917685,22806.47
352053,22837.14
630338,22855.61
784490,22855.61
175954,22940.38
988043,23020.89
536371,23086.36
966350,23142.15
702522,23207.25
529085,23207.27
604332,23208.39
442695,23228.24
971107,23228.24
838270,23444.9
552568,23515.85
919329,23536.75
930325,23554.39
375909,23594.68
477739,23594.68
643507,23594.68
464962,23706.11
829886,23740.12
183948,23777.81
818886,23893.3
231462,23895.68
605500,23903.68
602685,23950.37
183388,24096.24
628840,24096.24
170982,24127.5
314589,24138.06
892258,24143.88
158969,24186.88
101544,24249.34
638495,24249.34
815207,24261.02
890936,24261.02
666337,24278.1
832566,24338.51
101895,24543.2
120635,24636.97
968064,24660.49
741138,24709.6
851421,24868.24
396998,24967.76
925573,24967.76
977178,25030.38
776547,25107.1
210725,25253.1
434679,25360.1
531290,25360.1
987347,25401.52
116238,25464.82
617489,25464.82
713067,25464.82
777300,25464.82
518677,25585.73
130032,25640.24
336665,25674.15
949290,25674.15
840267,25805.27
128459,25807.06
150233,25807.06
203772,25807.06
225327,25807.06
572547,25807.06
487070,25900.2
645712,26016.53
308704,26197.41
404742,26197.41
464959,26197.41
555576,26197.41
631714,26197.41
704709,26197.41
732213,26197.41
112856,26199.53
819924,26243.86
340874,26305.42
697323,26305.42
728568,26338.59
309861,26413.55
113904,26453.94
776464,26462.76
911723,26511.6
249813,26570.34
913895,26570.34
226194,26576.32
264823,26576.32
398586,26770.45
939238,26864.2
686059,27064.46
266234,27279.34
400844,27287.5
642099,27382.82
680168,27386.15
152685,27420.81
346766,27542.37
480275,27580.55
218127,27643.24
435249,27776.29
480858,27789.69
870120,27789.69
925978,27929.96
726873,28328.47
539760,28393.33
804911,28421.57
756280,28435.64
871219,28511.03
545582,28685.83
467139,28699.89
868568,28699.89
803976,29049.71
577998,29091.24
622019,29297.33
902083,29328.04
389706,29577.28
404339,29589.94
480435,30118.66
592251,30154.68
690916,30286.69
397480,30313.31
827275,30442.54
514403,30647.63
191814,30745.96
781293,30763.26
554983,30850.59
857219,30909.22
840659,31221.75
156868,31234.89
729805,31642.1
808524,31642.1
415332,31920.77
689275,31934.62
169247,32021.4
928734,32069.88
320004,32098.32
955652,32104.7
717632,32144.65
108896,32196.6
372647,32227.08
943647,32269.85
501885,32317.03
259734,32450.39
561307,32467.66
533539,32654.84
667800,32654.84
325490,32725.3
558969,32864.4
863070,32871.75
617296,33279.77
724781,33473.35
965751,33473.35
368981,33718.84
562234,33873.18
574492,34039.06
998776,34039.06
139087,34611.38
187876,34611.38
218538,34611.38
822122,35013.54
639419,35062.65
196096,35203.57
218278,35227.3
300023,35227.3
795446,35444.31
703804,35692.17
671764,35850.6
937512,35862.99
348681,35944.71
328602,36229.41
882590,36229.41
967819,36293.15
243272,36632.53
232533,36695.91
433857,36707.43
231080,36860.73
288384,36897.8
294289,36897.8
850821,36946.06
644017,37111.66
440595,37243.63
955463,37243.63
865855,38320.82
476273,38445.86
136121,38545.71
424812,39365.3
539505,39400.19
417240,39769.56
210291,40132.01
148810,40224.01
941852,40235.97
188071,40440.76
115852,40688.53
467848,41103.24
711605,41103.24
866983,41491.74
776466,41787.9
989837,41787.9
700474,41855.17
515790,42389.01
295355,42937.35
462174,43026.52
671803,44468.02
271675,44856.11
767006,45708.65
353455,46611.87
366687,46611.87
191065,46770.95
257194,46770.95
540548,46805.22
526094,47155.63
100301,48356.96
943393,48356.96
737027,49221.43
430398,49423.8
877603,49423.8
642031,51337.91
106936,57520.5
173446,58207.13
865429,58207.13
618524,58753.88
365346,1898.01
975531,1898.01
345518,1898.68
717100,1898.68
174666,1904.0
990512,1904.0
678284,1918.12
702482,1918.12
526508,1940.98
932748,1940.98
488346,1994.77
748019,1994.77
142290,2004.35
153884,2004.35
260714,2004.35
273243,2004.35
399379,2004.35
401956,2004.35
424837,2004.35
573897,2004.35
574302,2004.35
637721,2004.35
880033,2004.35
924787,2004.35
370443,2009.77
470022,2009.77
352170,2030.78
694915,2030.78
127663,2034.99
987921,2034.99
228748,2050.62
954453,2050.62
255546,2063.39
988307,2063.39
727873,2064.46
841249,2064.46
300465,2064.7
660768,2064.7
647041,2086.61
673301,2086.61
102299,2089.34
483875,2089.34
520207,2108.49
547561,2108.49
590981,2113.86
769023,2113.86
300676,2114.74
425779,2117.99
879260,2119.89
366487,2121.31
659147,2121.31
796104,2121.65
928438,2121.65
440758,2124.17
778952,2124.17
295423,2127.92
488872,2127.92
444997,2128.62
890447,2128.62
130179,2129.06
167587,2129.06
495707,2130.35
431021,2132.77
928868,2132.77
140005,2141.75
347733,2141.75
187902,2141.98
539436,2141.98
298160,2142.89
709212,2142.89
304620,2144.92
798351,2144.92
196812,2147.66
749827,2147.66
423035,2150.18
726932,2150.18
290356,2150.91
777514,2150.91
114638,2152.08
612795,2152.08
410544,2154.07
518210,2154.07
667356,2155.21
842049,2155.21
430048,2159.25
608384,2159.25
397141,2160.92
758165,2160.92
200012,2161.69
689909,2161.69
677141,2162.42
772952,2162.42
237729,2163.87
994285,2163.87
165443,2167.33
858669,2167.33
261787,2168.52
962011,2168.52
514493,2174.11
731510,2174.11
128210,2175.62
322193,2175.62
316308,2175.74
755367,2175.74
970639,2178.52
238342,2179.43
492575,2179.43
879638,2180.08
204111,2188.66
270909,2188.66
403893,2189.64
530833,2189.64
286388,2191.13
329692,2191.13
571964,2194.67
892273,2194.67
127645,2195.3
342554,2195.3
459683,2195.91
634727,2195.91
805377,2199.52
211549,2199.62
948783,2199.62
630588,2199.74
912420,2199.74
439900,2202.34
842047,2202.34
295205,2203.44
748055,2203.44
163639,2203.59
800998,2213.19
867532,2213.19
169948,2215.91
432592,2215.91
697272,2215.91
737676,2215.91
127966,2217.66
623008,2217.66
267428,2220.0
498030,2220.0
194640,2220.19
678514,2220.19
803830,2221.36
986086,2221.36
462803,2222.87
614379,2222.87
303621,2224.09
721377,2224.09
434215,2224.56
536671,2224.77
970746,2224.77
185919,2226.59
128789,2227.07
181423,2227.07
203577,2227.07
242203,2227.07
247680,2227.07
270862,2227.07
313185,2227.07
360942,2227.07
567412,2227.07
763806,2227.07
868912,2227.07
930209,2227.07
133732,2228.53
169865,2229.36
830673,2229.36
342569,2230.28
323043,2230.76
400985,2230.76
180484,2231.79
455941,2231.79
393403,2236.09
790943,2236.09
137106,2237.35
646277,2237.35
796281,2239.65
807297,2239.65
150767,2241.11
451080,2241.11
290184,2241.46
569236,2241.46
684835,2242.09
874336,2242.09
611618,2242.23
688139,2242.23
755015,2242.24
897673,2242.24
127725,2242.57
705453,2242.57
199809,2243.47
491391,2243.47
533470,2243.47
209729,2248.45
311946,2248.45
415916,2248.45
523110,2248.45
536848,2248.45
604436,2248.45
608974,2248.45
638253,2248.45
686471,2248.45
959514,2248.45
504455,2249.87
522251,2252.42
590098,2252.42
341904,2254.4
621180,2254.4
700245,2254.93
960195,2254.93
492165,2255.31
894041,2255.31
384286,2258.79
693045,2258.79
240829,2263.28
904300,2263.28
404720,2265.32
508080,2265.32
313544,2267.6
557723,2267.6
133066,2269.84
469532,2269.84
295578,2272.31
581682,2272.31
193781,2272.34
595323,2272.34
417721,2272.45
287224,2273.62
516491,2273.62
287198,2274.65
825336,2274.65
792094,2274.67
685683,2274.78
937030,2274.78
449530,2275.36
597191,2275.36
153760,2275.4
429054,2275.4
284621,2276.39
434760,2276.39
663897,2279.7
934235,2279.7
355102,2279.75
979135,2279.75
309933,2280.39
510537,2280.39
153656,2287.6
274141,2287.6
192543,2287.92
321427,2287.92
628844,2288.76
702800,2288.76
159608,2289.62
765518,2289.62
506293,2290.68
824315,2292.79
196777,2294.3
257705,2294.3
262562,2294.48
338786,2294.48
225067,2298.38
794784,2298.38
270022,2300.33
982017,2300.33
119634,2300.69
212544,2300.69
304445,2300.69
315869,2300.69
373429,2300.69
492401,2300.69
637760,2300.69
793180,2300.69
843212,2300.69
854969,2300.69
966210,2300.69
993271,2300.69
401454,2302.82
709659,2302.82
589466,2305.06
804770,2305.06
164657,2305.24
253825,2305.24
299919,2306.43
593781,2308.47
731958,2308.47
296690,2308.65
863349,2308.65
695107,2308.69
989067,2308.69
325379,2309.6
493972,2309.6
278719,2309.88
624216,2310.88
738320,2310.88
525476,2311.12
970706,2311.12
313424,2311.21
907324,2311.21
735966,2311.38
953612,2311.38
788283,2312.33
773593,2315.09
837408,2315.09
500026,2316.8
771307,2316.8
194571,2317.28
381234,2319.74
416091,2319.74
677218,2319.82
852629,2319.82
873551,2320.52
914368,2320.52
306667,2320.75
332466,2320.75
903359,2321.05
923164,2321.05
527434,2321.88
905478,2321.88
402034,2322.57
215626,2325.26
762446,2325.26
148982,2326.86
368549,2326.86
925918,2329.46
243642,2331.33
821202,2331.33
743108,2332.1
487777,2333.61
896372,2333.61
711874,2335.88
904114,2335.88
246734,2336.18
888316,2336.18
646187,2336.29
799967,2336.29
407119,2337.35
972732,2337.35
108907,2337.36
202716,2337.36
207821,2342.01
828884,2342.01
464385,2344.23
659637,2344.23
107719,2345.08
787625,2345.08
297954,2345.13
707588,2345.13
241714,2345.26
927975,2345.26
933707,2346.68
981220,2346.68
180977,2347.05
217364,2347.05
852572,2347.59
700335,2348.03
989040,2348.03
521875,2349.96
778168,2349.96
879036,2351.88
191189,2352.37
736414,2352.37
441304,2353.18
842982,2353.18
165019,2354.32
453494,2354.32
274896,2354.5
371532,2354.5
198485,2355.28
392682,2356.07
754163,2356.07
641189,2356.7
868250,2356.7
360031,2357.5
810581,2357.5
261044,2357.75
667117,2357.8
868327,2357.8
132774,2359.42
209058,2359.42
431187,2359.42
475930,2359.42
483802,2359.42
509669,2359.42
571409,2359.42
658996,2359.42
679609,2359.42
686612,2359.42
986217,2359.42
987221,2359.42
378014,2360.6
676873,2360.6
911971,2361.74
704600,2361.88
895267,2361.88
625497,2363.3
943775,2363.3
541178,2364.43
932513,2364.43
563142,2365.35
979575,2365.35
184490,2369.11
655892,2369.11
552328,2369.37
992542,2369.37
661050,2369.44
664034,2369.44
746520,2370.62
434489,2372.16
933865,2372.16
139479,2372.29
153462,2373.8
918397,2373.8
138737,2374.15
285942,2374.15
522763,2374.8
713257,2374.8
397376,2374.81
724168,2374.81
275446,2375.0
654225,2375.0
282872,2376.53
583005,2376.53
418636,2378.09
834544,2378.09
690510,2378.67
915846,2378.67
549091,2379.2
563774,2379.2
692841,2379.61
996254,2379.61
134717,2379.74
779412,2379.74
566714,2379.83
815603,2379.83
325661,2381.79
894788,2381.79
248752,2382.67
306880,2382.67
793892,2382.71
809207,2382.71
453587,2383.73
736970,2383.73
229861,2386.2
347227,2386.2
556778,2387.61
845819,2387.61
881846,2387.86
308255,2388.35
420243,2388.35
195977,2388.95
693665,2388.95
141877,2389.31
928292,2389.31
435129,2389.77
898552,2389.77
317689,2389.98
787833,2389.98
637100,2392.11
690029,2392.11
215840,2392.13
630071,2392.13
298344,2393.04
929231,2393.04
243965,2393.12
595775,2393.12
123667,2393.81
340723,2393.81
117975,2393.92
300818,2393.92
313571,2393.92
353032,2393.92
371065,2393.92
455892,2393.92
645078,2393.92
685653,2393.92
727415,2393.92
777540,2393.92
944855,2393.92
957686,2393.92
118355,2395.57
128753,2395.57
268145,2395.57
281064,2395.57
294849,2395.57
534649,2395.57
560024,2395.57
681785,2395.57
781227,2395.57
944035,2395.57
988419,2395.57
835683,2395.97
629177,2396.19
765747,2396.19
110296,2396.22
280641,2396.22
310911,2396.22
567571,2396.22
601681,2396.22
710115,2396.22
721437,2396.22
755533,2396.22
769709,2396.22
784380,2396.22
860602,2396.22
974758,2396.22
355628,2396.67
874614,2396.67
264701,2397.04
367617,2397.04
405804,2397.04
440213,2397.04
543693,2397.04
553389,2397.04
627373,2397.04
663659,2397.04
816323,2397.04
992769,2397.04
996686,2397.04
477468,2397.54
953927,2397.54
421310,2398.33
585850,2398.33
224298,2398.35
395871,2398.74
605320,2398.74
648286,2399.05
993650,2399.05
568786,2399.18
968325,2399.18
516276,2402.17
786827,2402.17
525245,2402.33
847183,2402.33
441389,2402.82
621583,2402.82
394812,2403.54
689981,2403.54
326234,2404.38
661442,2404.38
742749,2404.46
839115,2404.46
161415,2404.63
835133,2404.63
585642,2404.92
968632,2404.92
548638,2405.62
743849,2405.62
202108,2409.0
113861,2409.37
336138,2409.37
970351,2409.7
289476,2409.76
592218,2409.76
201355,2410.11
771220,2410.11
865352,2410.36
191508,2410.5
432961,2410.5
103975,2411.26
391861,2411.26
434113,2413.14
706510,2413.14
348718,2413.89
939485,2413.89
577467,2413.93
618656,2413.93
594028,2414.07
815344,2414.07
605761,2414.64
946963,2414.64
110422,2414.77
917346,2414.77
786330,2415.06
506746,2415.42
490439,2415.83
182159,2416.48
436705,2416.48
688557,2416.54
889061,2416.54
255019,2417.76
300376,2417.76
876319,2417.76
946956,2417.76
502047,2417.78
873578,2417.78
334454,2419.31
348245,2419.31
137744,2420.71
734077,2420.71
350238,2422.19
587633,2423.26
763761,2423.26
635302,2423.76
969360,2423.76
581380,2424.22
699875,2424.42
967253,2424.42
477599,2424.69
298539,2425.3
950467,2425.3
926531,2425.49
936319,2425.49
254940,2426.96
299113,2426.96
941122,2427.77
963921,2427.77
427354,2429.28
711263,2429.28
989148,2429.37
594649,2429.6
339005,2430.48
558138,2430.48
712236,2430.51
804402,2430.51
167001,2430.8
789431,2430.8
643364,2430.87
896651,2430.96
995404,2430.96
522493,2432.17
572890,2432.17
551710,2432.96
600785,2432.96
332175,2433.02
700566,2433.02
212477,2433.09
984878,2433.09
497106,2433.21
795129,2433.21
433353,2433.91
497613,2433.91
314014,2434.0
916000,2434.0
596327,2434.09
749817,2434.09
308798,2434.68
831693,2434.68
466865,2434.85
901954,2434.85
719242,2435.15
838938,2435.15
537914,2435.25
462232,2435.32
136608,2435.54
750324,2435.54
358020,2435.62
607885,2435.62
318786,2435.69
752274,2435.69
227429,2436.01
779444,2436.01
531841,2436.4
536132,2436.84
609667,2436.84
734490,2436.88
969485,2436.88
740703,2437.08
463833,2438.53
600664,2438.53
604772,2438.69
633162,2439.93
905569,2439.93
337842,2441.39
413050,2441.39
216658,2442.2
465540,2442.21
825239,2442.21
254546,2442.22
614219,2442.22
453972,2442.42
855559,2442.42
225972,2443.67
384986,2443.67
786709,2443.93
861095,2443.93
378793,2444.33
555081,2444.33
202156,2444.62
452530,2444.62
629299,2444.74
704607,2444.74
222929,2444.9
242028,2444.9
188828,2445.84
241421,2445.84
258088,2446.66
677527,2446.66
561072,2446.68
210835,2446.91
972222,2446.91
262937,2447.05
281075,2447.05
596544,2448.65
613076,2448.65
428778,2448.77
634392,2448.77
438707,2448.81
790089,2448.81
684103,2448.86
891237,2448.86
453408,2449.13
257579,2449.32
828735,2449.32
238814,2449.58
123702,2449.79
453971,2450.19
562703,2450.19
274803,2450.63
426530,2450.63
785398,2450.88
883693,2450.88
639807,2451.54
817851,2451.54
435378,2451.75
454471,2451.75
374117,2451.99
790094,2451.99
337341,2452.06
614122,2452.06
392781,2452.36
727507,2452.36
464639,2452.49
498149,2452.49
672395,2452.73
807262,2452.73
410552,2452.74
718655,2452.74
175342,2452.98
384356,2452.98
738732,2453.34
975767,2453.34
945834,2453.41
102730,2453.57
120393,2453.57
160266,2453.57
195131,2453.57
195137,2453.57
413620,2453.57
624463,2453.57
675848,2453.57
725100,2453.57
798752,2453.57
895560,2453.57
208586,2454.36
791132,2454.36
247220,2454.58
329056,2454.59
367547,2454.59
240774,2456.82
327320,2456.82
856782,2456.82
951954,2456.82
349132,2457.44
672089,2457.44
659967,2457.58
923268,2457.58
300166,2458.45
380110,2458.45
154680,2458.56
957325,2458.56
496052,2458.75
943804,2458.75
513170,2459.17
950390,2459.17
462815,2460.17
511568,2460.67
813320,2460.67
431829,2461.8
732113,2461.8
595320,2462.86
877630,2462.86
277610,2463.24
802870,2463.24
231614,2464.24
870960,2464.24
419818,2464.51
440112,2464.51
200991,2464.71
203084,2464.71
467046,2465.44
575849,2465.44
100380,2465.62
959059,2465.62
457716,2466.38
528122,2466.38
857971,2466.58
932323,2466.58
172162,2467.13
815498,2467.13
271148,2467.46
614377,2467.46
176379,2467.62
851231,2467.62
312607,2467.98
928916,2467.98
420394,2468.44
628917,2468.44
802535,2469.09
492265,2469.57
687895,2469.57
137040,2469.78
270575,2469.78
661321,2470.12
908643,2470.12
197642,2470.44
345597,2470.44
511626,2471.08
677925,2471.08
188147,2471.15
761510,2471.15
909845,2471.28
417274,2471.44
100646,2471.53
236767,2471.53
327653,2471.53
342725,2471.53
509136,2471.53
583754,2471.53
613747,2471.53
740509,2471.53
764869,2471.53
905320,2471.53
943056,2471.53
996159,2471.53
329162,2472.23
342527,2472.25
807681,2472.25
192600,2472.47
575342,2472.47
592532,2472.47
671911,2472.47
690199,2472.47
721664,2472.47
773844,2472.47
789288,2472.47
849425,2472.47
687639,2473.37
429689,2476.05
858196,2476.05
194394,2476.48
432729,2476.48
732862,2476.59
942681,2476.59
188006,2477.71
838881,2477.71
308171,2478.18
450417,2478.24
749033,2478.24
851130,2478.58
989802,2478.58
204343,2478.83
516995,2478.83
354206,2479.92
944810,2479.92
175285,2480.05
638685,2480.05
497421,2480.39
730561,2480.39
458864,2480.49
928957,2480.49
186901,2480.53
511573,2480.53
614106,2481.84
909503,2481.84
320772,2482.2
740918,2482.2
478142,2482.39
612719,2482.41
887117,2482.41
587420,2482.92
639346,2482.92
563981,2483.54
852323,2483.54
206914,2483.64
583272,2483.64
702542,2483.67
757010,2483.67
463926,2484.75
716362,2484.75
257440,2485.11
610916,2485.11
671383,2485.89
722399,2485.89
369795,2486.06
527090,2486.06
126490,2486.43
106477,2487.26
690890,2487.26
767894,2487.36
259789,2487.65
741384,2487.65
391397,2487.73
973168,2487.78
324739,2488.24
530517,2488.24
242779,2489.17
781570,2489.17
426698,2489.34
985115,2489.34
153626,2489.39
189158,2489.39
163970,2489.66
635719,2489.66
500280,2489.75
139532,2491.26
169393,2491.26
172259,2491.26
177598,2491.26
246405,2491.26
280864,2491.26
404314,2491.26
434477,2491.26
459345,2491.26
551837,2491.26
632435,2491.26
920102,2491.26
132296,2491.32
240132,2491.32
367811,2491.32
418779,2491.32
432718,2491.32
671119,2491.32
762485,2491.32
774272,2491.32
822051,2491.32
952545,2491.32
968867,2491.32
848632,2493.59
989568,2493.59
164743,2494.87
172724,2494.87
304528,2495.46
419749,2495.46
284203,2496.14
914152,2496.14
119135,2496.17
691220,2496.17
213246,2496.48
246571,2496.77
930502,2496.77
116288,2497.46
857497,2497.46
369682,2497.53
430107,2497.53
435657,2497.54
515822,2497.54
275358,2497.81
456785,2497.81
188318,2497.91
966729,2497.91
922484,2498.35
926300,2498.35
211891,2498.96
660294,2498.96
267291,2499.04
409989,2499.41
758738,2499.41
708634,2499.47
370660,2499.5
849587,2499.5
599442,2500.24
752580,2500.24
462663,2500.83
978048,2500.83
826975,2500.84
858427,2500.84
420457,2502.21
497108,2502.21
238156,2502.64
776317,2502.64
250619,2503.6
680376,2503.6
691855,2503.66
833728,2503.66
258951,2504.44
354477,2504.44
417001,2504.87
626211,2504.87
597197,2504.91
986421,2504.91
779085,2505.42
921705,2505.42
317888,2506.02
777171,2506.02
932745,2506.2
947620,2506.2
742509,2506.26
924268,2506.26
202218,2506.36
612963,2507.41
666473,2507.41
136715,2507.88
539941,2507.88
365166,2509.11
628952,2509.11
690866,2509.27
947158,2509.27
123780,2509.51
157200,2509.51
392953,2510.05
395962,2510.59
737509,2510.59
335852,2510.63
865727,2510.63
659607,2511.7
706884,2511.7
197067,2511.94
376424,2513.12
490250,2513.12
317827,2513.97
782318,2513.97
119997,2514.28
356507,2514.28
422496,2514.43
929728,2514.43
343879,2514.59
406176,2514.59
494384,2514.59
581661,2514.59
618823,2514.59
641050,2514.59
695596,2514.59
739084,2514.59
743610,2514.59
829588,2514.59
878816,2514.59
969810,2514.59
565960,2515.26
641704,2515.26
108264,2515.41
298601,2515.41
581481,2516.1
693608,2516.1
772370,2516.21
843037,2516.21
201550,2517.53
212189,2517.53
216487,2518.11
674118,2518.11
880436,2518.74
387455,2519.57
877124,2519.57
107461,2519.92
785076,2519.92
510353,2520.03
764896,2520.03
838845,2520.12
929712,2520.12
229391,2520.3
576654,2520.3
383367,2520.82
393101,2521.16
574627,2521.16
276035,2521.56
445679,2521.56
474458,2521.63
968764,2521.63
200744,2521.68
448354,2521.68
421744,2522.26
953892,2522.26
745901,2522.41
794323,2522.41
622992,2523.07
711571,2523.07
206772,2523.17
860099,2523.17
348215,2523.65
966089,2523.65
208323,2523.96
244296,2523.96
577501,2524.65
961218,2524.65
604076,2525.42
343103,2526.73
454880,2526.73
328188,2527.65
401350,2527.65
486197,2529.08
625451,2529.08
908882,2530.33
979644,2530.33
851390,2530.64
887266,2530.64
128032,2530.71
171042,2530.71
337066,2530.71
581651,2530.71
582066,2530.71
643705,2530.71
752107,2530.71
798881,2530.71
868025,2530.71
918112,2530.71
977305,2530.71
447796,2530.81
584845,2530.81
457127,2531.59
498643,2531.59
489985,2531.74
909727,2531.74
474047,2533.74
651469,2533.74
190227,2533.8
212849,2533.8
100753,2534.31
794723,2534.31
250363,2534.95
460349,2534.95
317776,2534.99
798352,2534.99
543901,2535.22
837641,2535.22
292546,2535.27
718962,2535.27
309304,2535.32
834537,2535.32
515775,2536.89
576363,2537.38
696732,2537.38
190827,2537.67
599372,2537.74
641121,2537.74
446988,2537.81
863280,2537.81
148749,2537.93
618719,2537.93
381189,2537.97
575821,2537.97
172284,2538.63
243191,2538.63
269694,2538.63
312545,2538.63
353096,2538.63
401766,2538.63
446352,2538.63
481457,2538.63
549686,2538.63
911668,2538.63
453032,2538.86
696562,2538.86
559576,2539.99
822205,2539.99
513099,2540.41
765655,2540.41
316933,2540.55
890650,2540.55
162489,2540.69
950933,2540.69
139135,2541.52
374931,2541.52
713520,2541.52
779106,2541.52
778066,2541.63
820204,2541.63
550598,2542.06
592350,2542.06
113578,2542.85
900853,2542.85
318755,2543.0
469660,2543.0
133821,2544.34
915156,2544.34
214095,2544.97
948714,2544.97
783255,2545.06
796544,2545.06
134012,2545.07
841948,2545.07
536018,2545.22
603545,2545.22
338750,2545.52
982535,2545.52
138121,2546.36
516594,2546.36
796943,2546.87
844677,2546.87
528782,2547.37
942355,2547.37
140391,2548.39
220538,2548.39
178565,2548.51
729173,2548.84
781924,2548.84
453133,2549.08
465421,2549.08
439252,2549.45
985839,2549.45
321012,2549.79
528331,2549.79
383391,2550.0
186810,2550.66
771901,2550.66
104960,2551.23
172200,2551.23
253412,2551.23
293689,2551.23
348400,2551.23
354461,2551.23
478986,2551.23
729444,2551.23
750649,2551.23
805170,2551.23
834790,2551.23
997434,2551.23
218757,2551.31
830171,2551.31
571239,2551.35
976529,2551.35
127785,2552.0
503357,2552.0
166865,2552.04
313732,2552.04
254579,2552.23
631583,2552.23
799657,2552.91
957881,2552.91
649422,2553.67
733627,2553.67
515929,2554.03
570600,2554.03
640614,2554.03
864845,2554.03
431640,2554.19
850414,2554.19
352490,2554.44
593327,2554.44
114214,2554.55
562644,2554.55
618494,2555.05
662934,2555.05
734458,2555.52
784946,2555.52
433477,2555.54
489244,2555.54
352216,2555.85
770568,2555.85
492496,2556.61
747571,2556.61
843737,2556.67
278854,2557.09
483969,2557.09
547500,2557.59
354084,2558.18
634386,2558.18
482551,2558.76
788947,2558.76
753089,2560.08
877419,2560.08
106616,2560.69
618022,2560.69
586365,2561.58
677153,2561.58
193946,2562.6
891128,2562.6
358151,2562.84
430559,2562.84
236129,2563.39
879904,2563.39
726309,2563.58
949628,2563.58
498610,2563.86
728486,2563.86
110394,2565.12
450865,2565.12
711510,2566.4
372652,2566.78
294865,2566.87
462595,2566.87
328180,2567.15
444365,2567.15
164298,2568.84
167465,2568.84
722089,2569.69
802452,2569.69
214605,2570.16
592515,2570.16
299107,2570.19
613303,2570.19
602587,2570.24
674643,2570.24
138810,2570.43
314081,2570.43
545278,2570.76
625859,2570.76
844556,2571.26
925385,2571.26
351500,2572.45
459164,2572.45
730246,2572.51
999631,2572.51
574771,2573.72
975949,2573.72
165224,2574.02
237858,2574.02
260855,2574.02
296567,2574.02
427140,2574.02
458029,2574.02
616083,2574.02
675651,2574.02
717762,2574.02
720079,2574.02
740090,2574.02
839527,2574.02
198900,2574.2
340881,2574.2
216762,2575.32
824351,2575.32
510440,2576.38
803234,2576.38
493598,2576.46
848694,2576.46
688731,2576.51
839356,2576.51
141655,2577.32
549751,2577.32
443232,2577.51
588993,2577.51
451425,2578.27
928354,2578.27
534813,2578.84
614810,2578.84
103502,2580.85
208485,2580.85
334575,2580.85
455896,2580.85
469781,2580.85
533488,2580.85
630694,2580.85
707557,2580.85
738459,2580.85
947863,2580.85
793134,2581.02
891903,2581.02
129817,2581.11
897734,2581.11
618300,2582.19
935836,2582.19
167062,2582.41
212735,2582.41
246591,2582.41
275413,2582.41
285636,2582.41
327972,2582.41
351292,2582.41
375430,2582.41
660349,2582.41
663213,2582.41
744837,2582.41
198785,2582.86
695069,2582.86
281952,2584.2
515905,2584.2
228772,2584.53
839748,2584.53
561801,2584.82
990947,2584.82
540905,2585.21
625599,2585.21
707017,2585.44
807256,2585.44
653191,2585.56
955292,2585.56
164500,2585.94
587480,2585.94
294283,2585.96
478247,2585.96
637249,2586.81
989220,2586.81
888291,2587.11
456613,2588.08
473563,2588.08
432059,2588.44
772827,2588.44
119845,2588.86
133128,2588.86
293137,2589.43
608070,2589.7
887995,2589.7
400873,2590.1
936211,2590.1
659767,2590.21
723208,2590.21
168843,2590.32
278059,2590.32
455606,2590.65
826166,2590.65
167515,2590.84
581007,2591.75
364356,2592.44
375203,2592.44
551938,2592.44
556808,2592.44
571970,2592.44
603658,2592.44
616650,2592.44
688820,2592.44
709472,2592.44
900331,2592.44
910092,2592.44
654751,2592.89
680945,2592.89
150596,2592.93
224130,2592.93
448912,2593.4
813520,2593.4
273177,2593.82
565900,2593.82
662392,2593.9
270203,2594.59
939474,2594.59
699220,2594.79
605421,2594.81
642808,2594.81
496830,2594.91
992268,2594.91
415372,2595.56
691761,2595.56
287927,2595.75
858667,2595.75
137751,2595.85
604839,2595.85
556958,2596.19
689459,2596.19
874415,2597.86
897716,2597.86
853957,2598.06
294071,2599.04
682064,2599.04
158508,2599.29
728679,2599.29
205430,2599.31
882874,2599.31
371079,2599.97
574330,2599.97
617471,2600.0
203133,2600.27
443770,2600.27
378498,2600.64
742064,2600.64
265665,2601.35
605322,2601.35
262683,2601.47
264095,2601.47
184895,2601.81
268932,2601.81
989473,2602.21
282854,2602.25
944355,2602.25
171906,2602.65
357574,2602.65
768748,2604.85
784185,2604.85
117915,2605.57
945091,2605.57
341907,2605.6
377674,2605.6
478278,2606.05
975309,2606.05
588220,2606.19
832745,2606.19
580979,2606.21
865977,2606.21
593710,2607.82
684881,2607.82
141023,2608.79
576071,2608.79
127137,2609.53
432370,2609.53
739704,2609.83
971142,2609.83
318564,2609.88
495926,2609.88
381496,2610.37
878281,2611.13
454718,2611.15
946061,2611.15
471523,2611.84
644434,2611.97
904283,2611.97
516301,2612.53
298865,2612.76
471583,2612.76
363774,2613.02
450896,2613.02
816510,2614.47
971157,2614.47
951712,2615.14
724987,2615.3
975497,2615.3
562734,2615.85
919889,2615.85
805226,2615.91
956402,2615.91
564882,2616.41
952730,2616.41
144261,2616.61
381176,2616.61
382889,2616.61
384907,2616.61
422398,2616.61
435613,2616.61
449046,2616.61
456822,2616.61
474894,2616.61
629410,2616.61
952582,2616.61
583223,2617.18
914514,2617.18
524968,2618.33
873886,2618.33
583271,2618.81
906274,2618.81
903006,2619.03
969053,2619.03
609072,2619.17
996796,2619.17
214322,2619.34
224854,2619.34
443243,2619.34
472445,2619.34
520091,2619.34
531430,2619.34
616722,2619.34
752047,2619.34
911525,2619.34
971528,2619.34
988249,2619.34
154736,2619.48
903496,2619.48
873022,2619.87
913340,2619.87
184496,2620.17
753533,2620.17
572265,2620.39
938636,2620.39
193824,2620.6
722169,2620.6
129555,2620.9
637986,2620.9
185496,2621.12
858802,2621.12
548722,2621.81
421691,2623.32
566663,2623.32
698395,2624.1
828076,2624.1
498319,2624.9
618824,2624.9
503832,2626.28
737764,2626.28
419732,2627.61
880897,2627.61
389812,2627.76
975387,2627.76
842959,2627.83
419540,2628.17
749684,2628.17
183339,2628.47
239182,2628.47
872297,2628.56
201055,2628.66
913449,2628.66
166011,2629.32
739138,2630.01
970014,2630.01
275306,2630.21
621093,2630.21
300806,2631.56
999982,2631.56
344260,2631.88
423272,2631.88
241374,2632.55
522234,2632.55
773943,2632.55
957452,2632.55
622006,2633.01
963036,2633.01
373554,2635.15
814236,2635.15
186199,2635.51
857682,2635.51
346346,2636.98
470373,2636.98
940822,2637.15
947679,2637.15
742673,2637.6
895684,2637.6
365642,2637.94
927202,2637.94
344052,2638.14
787548,2638.14
258248,2639.64
242288,2639.98
652212,2639.98
481531,2640.32
551510,2640.32
818329,2640.49
336878,2640.52
969616,2640.52
623341,2640.59
849589,2640.59
474905,2641.45
716294,2641.45
131257,2642.93
628409,2642.93
554136,2643.72
557867,2643.72
726077,2644.68
234878,2644.98
250311,2646.57
759991,2646.57
446712,2647.2
874938,2647.2
131047,2647.52
367562,2647.52
386298,2647.52
398655,2647.52
441419,2647.52
459017,2647.52
539705,2647.52
542118,2647.52
697905,2647.52
877654,2647.52
532978,2648.35
608419,2648.47
720178,2648.47
375399,2649.21
417507,2649.21
565805,2649.66
342156,2650.62
584536,2650.62
614100,2651.62
756663,2651.62
361266,2652.06
762562,2652.06
852520,2652.07
902742,2652.07
366537,2652.29
915933,2652.29
397962,2652.7
882084,2652.7
155791,2654.38
668020,2654.38
386037,2655.86
465927,2655.86
130823,2656.0
952003,2656.0
353786,2656.52
762255,2656.52
290200,2656.71
811429,2656.71
609730,2656.85
181140,2656.99
539746,2656.99
484543,2657.57
492090,2657.57
106046,2658.22
545586,2658.22
176115,2659.34
528697,2659.34
473564,2659.5
516362,2659.5
119198,2659.71
356237,2659.71
503638,2659.71
706007,2659.71
731254,2659.71
889501,2659.71
895994,2659.71
918341,2659.71
923761,2659.71
925609,2659.71
283654,2659.98
319304,2659.98
846194,2660.01
265226,2660.93
540551,2660.93
235882,2661.03
263762,2661.03
255994,2661.73
607856,2661.73
295302,2661.82
837012,2661.82
592213,2664.24
309584,2665.22
693926,2665.22
512191,2665.45
720765,2665.45
436569,2665.74
599145,2665.74
340574,2666.05
877101,2666.05
865759,2666.98
551975,2667.27
821216,2667.27
259342,2668.66
490774,2668.66
906852,2668.73
913233,2670.64
573995,2670.8
845580,2671.17
262305,2671.3
790366,2671.3
453876,2671.82
956908,2671.82
262099,2672.1
500759,2672.1
644163,2673.32
649089,2673.32
636017,2674.08
780423,2674.08
222748,2674.23
839328,2674.23
172987,2674.73
188470,2674.73
237492,2674.73
346390,2674.73
375792,2674.73
616350,2674.73
652374,2674.73
724435,2674.73
764227,2674.73
770327,2674.73
851562,2674.73
917779,2675.03
585066,2675.57
694723,2675.57
157731,2676.87
780140,2676.87
356558,2676.95
890673,2676.95
322955,2677.22
873761,2677.22
591841,2677.28
827172,2677.28
167569,2677.5
504219,2677.5
130439,2678.06
429308,2678.06
578013,2678.46
772960,2679.69
283326,2680.9
391564,2680.9
218373,2681.33
715640,2681.33
442282,2682.42
902852,2682.42
306051,2682.7
586191,2682.7
204848,2682.91
752729,2682.91
103304,2683.47
446171,2683.47
763183,2683.49
952672,2683.49
643099,2684.58
711541,2684.58
829003,2685.18
901049,2685.18
444524,2685.43
974829,2685.43
499089,2685.74
930337,2685.74
130086,2685.9
153193,2685.9
340492,2686.54
377364,2686.54
571643,2687.31
624485,2687.31
595215,2688.86
707999,2688.86
910373,2688.86
939204,2688.86
101540,2688.88
268630,2689.17
272114,2689.17
634850,2690.07
214504,2690.48
411296,2690.48
225279,2690.78
370093,2691.22
968943,2691.22
184090,2691.38
867056,2691.38
316666,2691.57
346678,2691.57
118729,2691.6
316633,2691.6
605926,2691.7
934212,2691.7
234454,2692.06
624621,2692.06
298327,2693.53
405442,2693.53
350910,2693.61
622906,2693.61
137852,2693.66
723591,2693.66
693295,2693.76
801832,2693.76
125969,2694.6
776139,2694.6
827546,2695.18
834120,2695.18
300845,2695.35
308891,2695.35
373888,2695.46
545087,2695.46
203773,2695.96
983524,2695.96
478107,2697.33
684081,2697.33
298343,2698.01
480239,2698.01
234895,2698.05
262176,2698.36
266148,2698.36
678454,2698.69
920840,2700.68
565242,2700.99
838482,2700.99
104267,2701.04
127410,2701.49
382983,2701.49
116703,2702.38
388777,2702.38
536485,2702.69
282532,2703.27
601775,2703.27
344627,2703.47
557525,2703.47
650377,2704.54
832046,2704.54
310965,2705.99
571215,2705.99
131558,2706.61
680304,2706.61
454356,2707.21
589394,2707.21
487823,2707.43
790813,2708.02
416216,2709.54
667901,2709.54
813681,2710.12
599078,2710.15
733350,2710.81
931622,2710.81
822811,2710.92
991056,2710.92
604681,2711.9
777118,2711.9
433020,2712.83
595236,2712.83
275244,2712.92
604328,2713.37
697917,2713.37
615201,2713.56
721639,2713.56
628130,2714.65
854998,2714.65
118628,2715.69
712584,2716.19
136334,2717.78
479359,2717.78
169137,2718.38
184306,2718.38
708343,2719.26
746377,2719.26
588445,2719.43
975412,2719.43
129171,2719.51
274410,2719.51
277587,2719.51
389429,2719.51
600302,2719.51
786966,2719.51
795155,2719.51
836713,2719.51
919117,2719.51
940796,2719.51
236003,2719.85
584458,2719.85
227804,2721.59
458072,2721.59
832810,2721.59
949974,2721.59
661054,2721.75
901987,2721.75
158680,2722.21
287088,2722.21
331078,2722.21
383627,2722.21
411690,2722.21
503025,2722.21
517940,2722.21
679607,2722.21
854902,2722.21
981664,2722.21
992631,2722.21
255509,2722.41
641103,2722.41
670210,2722.99
938324,2722.99
653973,2724.26
589427,2724.43
194758,2725.19
973111,2725.19
124085,2725.32
933968,2725.32
175814,2725.36
180832,2725.36
334329,2725.36
414305,2725.36
650870,2725.36
677695,2725.36
733324,2725.36
764305,2725.36
774326,2725.36
853003,2725.36
857942,2725.36
911744,2725.36
102464,2725.68
392558,2725.68
122094,2726.39
947750,2726.39
673054,2726.8
876765,2726.8
827731,2726.83
852573,2726.83
235885,2727.08
326272,2727.08
307619,2727.52
844749,2727.52
292096,2727.68
518064,2727.68
746314,2727.74
886227,2727.74
565991,2728.04
854610,2728.04
419758,2728.84
738567,2728.84
302129,2729.13
824216,2729.13
168316,2730.2
368713,2730.2
652852,2730.31
866701,2730.31
517559,2730.35
648924,2730.35
633861,2730.97
677174,2730.97
680379,2731.4
750974,2731.4
136065,2731.52
663422,2731.52
141703,2732.61
221862,2732.61
412133,2732.65
551154,2732.65
611990,2733.43
658257,2733.43
571123,2734.15
755582,2734.15
409914,2734.33
873945,2734.33
364247,2734.44
733582,2734.44
813931,2734.51
956081,2734.51
154480,2735.47
578751,2735.54
930921,2735.54
349115,2736.35
355491,2736.53
984290,2736.53
765877,2736.94
937065,2736.94
497070,2739.06
379120,2742.8
881628,2742.84
388478,2744.08
756892,2744.52
727179,2745.13
515718,2745.25
135635,2746.08
577322,2746.08
373144,2746.9
790740,2747.77
319768,2749.19
976636,2749.19
117219,2750.71
388156,2750.71
866168,2751.37
348723,2753.31
724028,2754.46
468310,2755.22
615678,2755.75
745454,2755.75
612294,2756.47
163757,2756.54
962730,2757.38
954773,2758.33
348047,2758.5
474779,2759.62
200067,2759.98
356578,2759.98
402918,2759.98
739005,2759.98
805431,2759.98
442304,2761.69
993350,2763.52
406369,2764.02
445746,2764.02
860809,2764.03
211475,2764.8
422989,2769.73
333773,2771.05
443198,2771.05
490563,2771.05
501569,2771.05
927305,2771.05
473410,2771.66
833221,2771.66
568594,2772.44
802958,2772.84
462497,2773.46
216946,2776.32
368669,2776.58
892701,2776.63
980761,2776.77
861330,2777.34
743018,2778.32
945430,2778.9
996984,2780.2
745830,2780.73
187618,2780.85
294334,2784.97
631070,2784.97
143981,2786.66
607489,2787.54
827339,2789.75
343383,2790.68
597294,2791.88
562093,2791.91
616857,2791.91
259878,2792.01
557996,2792.01
387648,2794.91
908801,2795.32
781621,2795.55
669222,2796.87
481105,2797.67
421923,2798.83
305287,2799.47
891335,2802.62
517087,2803.6
166693,2803.92
782549,2803.92
418166,2806.7
961463,2807.05
162456,2808.08
851836,2808.61
981091,2809.77
299830,2810.46
369388,2810.46
399670,2810.46
860172,2810.46
864456,2810.46
123586,2813.51
516255,2816.57
666381,2818.31
648432,2819.11
714939,2819.11
502952,2820.74
414318,2821.35
184478,2821.45
403856,2821.45
460025,2823.5
984115,2824.68
200877,2826.31
561251,2826.31
419182,2827.44
709726,2827.56
794024,2827.56
975199,2829.31
680193,2833.8
150656,2833.98
201816,2833.98
351138,2836.68
860848,2837.16
355750,2839.01
432493,2839.01
494600,2839.57
996989,2839.57
874374,2839.8
892616,2839.81
532334,2840.85
321656,2840.9
532376,2841.44
274622,2842.03
207453,2842.27
384296,2842.27
819077,2842.82
677669,2843.56
460037,2847.97
933848,2851.65
434802,2852.53
640110,2852.53
333694,2853.37
576176,2853.6
654073,2854.11
392802,2855.69
782241,2855.93
377114,2857.11
129533,2858.29
245289,2858.29
311795,2858.45
819969,2858.45
177993,2859.41
113184,2859.8
424027,2860.44
802206,2860.75
377247,2860.86
589430,2862.18
500038,2864.09
744138,2864.54
500767,2866.6
374679,2866.78
283110,2867.21
301112,2867.31
358979,2867.31
429829,2867.31
773676,2867.31
981737,2868.6
538854,2869.3
918404,2870.0
973485,2870.0
544690,2871.15
810755,2871.44
633202,2872.67
672431,2872.98
680181,2874.09
853603,2876.82
226643,2877.81
251081,2878.77
332711,2879.51
305857,2882.35
562084,2882.35
730901,2885.33
859176,2885.41
297218,2886.23
354176,2886.45
547360,2886.45
773290,2891.27
569846,2891.72
763000,2893.31
603070,2893.74
744789,2893.74
190720,2893.81
292516,2894.33
355724,2894.33
729418,2895.21
467249,2895.52
689112,2895.52
415862,2896.92
316082,2897.49
671628,2897.78
632826,2898.73
682571,2899.32
170368,2899.92
301152,2902.62
993241,2903.02
150671,2903.94
891790,2903.94
295510,2906.89
375694,2906.89
182519,2907.9
850170,2908.88
142906,2911.92
871980,2911.92
856667,2912.25
556626,2912.91
968447,2914.96
400181,2915.61
409102,2915.61
291510,2915.65
615385,2916.42
232555,2919.71
152740,2921.49
652498,2924.98
922926,2926.52
908201,2927.07
565533,2927.22
615022,2927.52
778031,2927.52
977363,2927.73
618124,2929.92
494179,2930.69
963985,2933.96
676631,2936.73
677213,2936.73
876755,2937.42
186807,2939.33
454690,2939.33
959478,2939.94
722988,2941.83
970092,2944.18
383190,2944.78
313254,2945.37
673401,2945.37
144830,2946.0
727428,2946.0
174343,2946.15
339800,2946.15
362586,2949.28
999731,2951.29
722518,2956.36
750457,2957.1
905909,2957.1
156313,2959.95
501854,2960.03
821314,2961.31
160471,2962.72
113442,2962.98
164794,2967.67
231508,2967.67
869164,2974.31
820265,2975.26
177029,2981.55
842855,2981.88
578114,2987.95
941127,2989.91
111485,2989.96
280087,2989.96
931183,2991.7
506400,2994.35
683660,2996.89
989658,2999.34
793473,3000.44
379351,3007.39
169054,3008.97
456433,3011.27
862258,3011.34
114927,3013.44
426302,3020.42
323448,3021.94
707860,3021.94
515605,3023.89
821820,3028.78
237751,3031.4
523296,3031.4
566851,3032.82
420204,3038.83
596033,3041.79
107203,3044.79
309480,3045.06
501551,3046.25
774386,3046.25
383701,3055.7
678341,3056.22
279821,3059.28
202784,3059.43
765542,3061.8
646023,3065.37
470952,3074.11
790240,3074.11
881871,3086.01
229612,3087.43
852571,3088.0
582874,3090.03
608493,3095.71
360240,3095.8
199509,3096.51
279883,3096.51
292497,3096.51
816330,3096.51
876426,3096.51
278213,3097.92
653400,3102.79
285776,3103.0
400470,3107.57
690641,3115.7
655325,3118.98
760155,3122.98
567082,3123.08
647005,3123.08
736258,3123.08
966227,3123.08
177713,3124.93
346163,3126.27
966059,3129.11
369853,3133.02
267944,3135.58
207110,3136.43
348463,3136.43
764634,3141.25
453349,3142.81
457489,3155.46
864806,3155.46
340307,3157.55
922634,3157.74
458963,3163.28
599746,3167.66
631704,3167.66
254161,3167.89
948051,3167.89
113804,3173.03
336076,3179.47
607275,3185.17
836374,3185.17
408259,3189.67
812617,3193.46
617079,3196.58
675204,3199.7
375768,3199.75
794496,3199.82
282041,3200.8
585947,3207.47
775562,3208.23
224530,3208.92
210385,3209.66
871455,3211.07
758262,3215.2
287097,3218.61
751594,3223.22
198645,3223.33
948662,3225.4
564138,3230.58
668253,3230.58
746837,3230.58
983855,3230.58
422121,3233.26
135076,3235.36
602014,3237.5
520821,3238.0
559519,3238.0
562737,3239.12
900151,3241.59
693494,3241.84
176278,3244.82
632103,3259.89
606877,3261.02
174743,3265.16
581396,3265.16
740349,3265.16
183052,3267.71
725326,3272.01
147754,3274.04
564111,3274.19
682826,3278.53
461012,3280.46
638506,3280.46
605907,3286.17
609009,3286.17
747681,3286.44
199073,3288.83
998465,3289.13
240442,3293.25
631869,3297.9
816763,3297.9
376862,3300.61
845699,3300.68
604019,3301.52
688615,3301.52
912957,3304.76
342044,3308.0
996231,3313.01
253282,3314.55
858674,3317.9
850721,3323.09
793662,3323.86
436719,3324.55
629966,3329.89
194657,3330.67
470323,3337.98
896331,3339.3
709747,3339.76
690970,3339.85
710145,3341.68
358794,3342.18
504638,3343.88
937312,3343.88
957557,3343.93
393565,3344.81
744731,3344.81
420481,3349.64
103043,3351.21
155374,3352.94
506793,3355.53
235930,3360.44
486048,3360.44
288776,3362.41
488679,3362.41
872946,3363.0
256013,3369.71
485196,3370.07
318654,3372.42
270248,3382.22
422320,3382.22
289116,3383.45
920637,3384.47
840184,3386.19
620990,3398.01
196469,3398.05
156071,3399.13
996639,3399.13
532422,3402.78
604822,3409.68
136906,3412.57
518578,3412.57
142686,3417.2
717565,3417.95
982508,3419.11
290445,3420.45
344998,3420.45
599483,3420.66
716948,3423.82
778920,3423.97
137227,3425.73
251020,3433.82
223958,3435.25
267245,3436.13
269565,3436.13
383891,3436.13
493827,3436.13
707716,3436.13
991371,3436.13
997857,3436.13
696609,3436.45
194859,3440.36
803529,3440.36
290964,3444.17
325367,3444.97
263055,3452.03
856654,3452.41
721423,3455.17
807902,3455.17
587619,3455.23
439675,3457.15
960309,3459.23
215651,3467.32
115198,3469.84
700145,3470.18
478785,3475.07
148453,3479.14
790123,3479.26
895778,3479.26
283994,3479.76
415067,3482.04
278676,3482.69
694168,3484.14
475713,3486.7
677068,3486.7
702284,3489.28
790303,3490.03
107835,3495.89
203950,3497.48
146354,3500.45
512262,3500.86
652394,3500.86
762355,3508.57
788759,3508.57
834081,3515.46
420126,3515.83
842066,3522.48
714316,3527.4
108367,3528.04
172731,3528.04
258102,3528.04
750688,3528.04
833704,3528.04
906468,3528.04
944821,3528.04
484317,3531.04
430813,3531.35
982416,3536.65
607662,3539.97
748701,3545.41
664705,3546.4
520163,3548.15
604470,3548.4
587543,3554.85
855451,3554.85
993328,3554.85
776153,3557.2
100883,3561.04
577124,3567.5
613546,3567.5
826271,3567.5
505790,3570.76
269120,3571.35
302198,3571.35
221328,3571.83
195069,3572.49
492966,3579.77
875212,3580.08
824133,3585.88
909066,3587.36
650358,3588.93
787606,3588.93
338872,3589.37
302657,3589.71
686031,3591.07
875086,3592.0
970783,3592.0
734880,3593.13
898000,3595.31
578203,3596.83
145688,3600.93
207865,3600.93
727686,3600.93
903797,3600.93
954231,3600.93
426141,3605.86
619920,3605.97
725575,3605.97
518622,3611.18
658407,3614.08
982528,3614.08
162568,3622.87
623569,3623.45
193722,3624.9
462366,3624.9
113755,3633.05
567210,3635.03
960629,3635.03
606074,3636.56
303934,3644.83
329355,3644.83
594606,3644.83
656993,3644.83
765989,3644.83
810100,3644.83
239490,3645.46
555050,3649.71
357466,3651.69
384090,3653.13
641612,3657.59
720626,3664.22
105932,3671.82
636000,3671.82
623654,3673.99
724424,3677.78
979330,3677.91
484592,3679.14
614428,3679.14
832665,3681.25
246517,3683.1
449417,3683.47
844834,3690.7
880948,3691.77
324773,3692.58
971030,3692.58
860553,3693.44
949890,3694.15
136772,3697.04
942685,3700.39
581712,3702.63
727363,3705.29
154726,3712.43
626312,3712.43
789859,3713.79
213112,3721.06
702325,3721.06
647491,3728.83
440511,3728.87
779184,3730.14
140598,3731.5
266365,3731.5
436226,3731.5
469230,3731.5
754936,3731.5
892639,3731.5
965674,3732.31
964791,3733.03
183885,3735.84
542934,3740.4
155354,3741.57
828136,3742.58
255767,3744.58
216725,3746.75
537387,3746.75
955716,3746.75
217802,3747.06
511472,3748.14
720300,3748.99
963464,3748.99
899509,3755.26
731494,3758.95
738435,3764.47
578688,3766.37
184009,3768.09
284461,3771.62
371875,3771.62
633627,3774.86
414382,3776.67
677704,3781.45
575487,3788.81
317205,3790.19
479509,3791.55
934529,3794.96
103916,3803.92
332869,3808.12
346554,3808.12
394454,3808.12
510264,3808.12
535944,3808.12
572282,3808.12
808341,3808.12
818271,3808.12
898787,3808.12
402082,3815.32
518236,3815.32
405768,3816.41
423609,3816.41
825920,3818.47
160993,3819.62
192691,3821.82
661035,3823.85
243061,3829.09
153072,3829.28
576692,3829.28
951879,3832.9
943068,3833.07
179956,3834.74
113839,3839.61
157971,3842.79
977523,3843.97
954952,3844.57
151030,3847.35
781495,3852.43
411876,3853.47
865654,3853.47
385864,3857.77
194855,3857.95
174702,3858.87
747604,3858.87
476288,3861.49
549858,3861.49
647658,3861.49
983822,3861.49
292957,3864.78
398611,3870.36
206947,3871.07
233819,3871.78
603009,3871.78
402390,3873.65
625123,3873.65
679132,3873.65
683751,3873.65
867780,3873.65
958274,3873.65
972686,3873.65
478666,3875.54
682419,3883.4
109896,3884.86
878284,3884.86
674738,3885.46
689993,3885.46
887748,3885.46
672336,3886.5
394806,3891.58
412362,3894.62
297327,3895.03
658330,3895.96
419626,3896.57
707152,3909.64
280790,3910.7
548251,3911.12
375597,3915.8
579015,3919.37
954558,3919.37
874104,3920.51
105352,3923.27
110678,3933.81
175104,3933.81
249559,3933.81
422803,3933.81
799510,3933.81
953210,3933.81
134202,3939.01
549541,3939.01
933233,3940.12
797326,3942.73
927721,3942.92
954750,3942.92
488535,3944.23
925340,3945.24
857814,3945.59
671534,3946.37
900460,3954.34
652370,3958.0
328349,3961.59
738597,3963.39
607347,3964.15
922161,3964.53
832155,3964.81
868767,3964.81
875485,3969.43
537613,3975.32
964159,3975.32
128280,3979.28
250711,3979.39
806859,3979.59
457652,3979.72
184151,3980.42
668692,3981.78
233017,3982.18
219431,3982.27
195594,3985.4
309408,3985.55
966204,3991.73
366133,3992.58
260513,4001.52
397706,4002.86
555102,4002.86
258238,4012.32
377796,4013.85
427733,4013.96
326174,4014.45
571340,4014.45
775193,4014.45
859218,4014.45
251023,4016.54
348085,4017.06
285122,4022.96
597189,4025.1
932405,4027.7
351551,4034.93
551391,4035.01
274879,4035.77
460091,4037.55
885210,4038.86
861917,4039.32
516224,4049.42
805349,4050.51
674689,4058.67
908006,4059.57
317726,4060.96
804784,4061.59
266377,4062.0
340277,4063.33
125068,4064.18
571479,4067.0
581533,4069.78
472674,4076.63
431514,4078.02
574723,4080.82
794286,4082.17
117618,4082.7
606371,4082.7
573217,4087.51
902015,4089.04
549080,4089.43
942984,4089.43
421191,4089.46
395512,4091.93
897728,4095.2
441719,4099.66
810990,4099.66
924056,4100.47
592088,4101.94
600756,4102.2
180411,4108.26
572094,4112.63
344009,4117.47
869265,4117.47
144936,4118.59
302057,4118.59
539106,4118.59
827288,4118.59
360868,4122.57
752874,4122.96
793742,4126.61
448774,4127.5
131463,4128.09
502212,4128.39
712130,4130.63
378267,4135.78
926961,4135.78
309921,4139.53
508215,4139.53
995943,4139.9
781347,4142.56
905180,4144.87
342929,4145.71
820223,4145.71
424012,4148.57
314935,4150.84
904367,4150.84
616207,4151.55
218311,4151.67
316323,4151.67
923406,4152.65
403258,4157.7
671928,4159.59
610585,4160.02
962566,4160.16
366250,4162.18
575015,4162.18
144702,4163.04
980478,4165.25
932572,4165.35
244387,4165.4
329215,4165.4
963619,4167.99
857353,4170.34
468138,4170.57
414207,4170.69
452976,4170.69
561284,4170.69
149426,4173.14
943048,4175.95
447804,4177.7
907595,4177.88
337488,4178.59
552818,4178.59
268439,4179.49
936214,4179.49
642485,4185.76
341594,4187.78
481902,4191.06
710203,4191.97
898630,4194.66
182058,4196.69
263127,4196.69
709385,4200.37
224952,4200.82
326707,4200.82
687525,4202.66
770094,4209.28
839659,4209.28
368772,4209.68
448577,4210.1
863259,4216.2
269632,4220.61
705641,4221.31
133730,4222.63
960253,4222.98
602068,4223.27
690494,4229.92
571498,4233.57
390911,4236.3
939289,4236.47
133035,4236.81
435789,4236.81
502573,4236.84
318751,4240.93
319822,4241.64
339845,4250.28
666878,4250.28
761150,4250.28
786703,4250.28
694472,4250.78
891046,4253.28
243001,4254.62
382738,4254.62
900977,4254.62
831829,4257.48
385235,4260.71
206591,4260.77
167363,4268.62
335755,4268.62
574391,4270.03
585509,4270.03
753977,4270.03
768518,4270.03
935253,4270.03
960678,4270.03
284610,4271.2
337815,4272.59
182184,4276.92
578944,4280.75
748831,4281.06
258860,4282.95
314413,4282.95
541564,4282.95
791765,4285.58
824668,4293.01
176359,4297.19
408468,4297.19
532378,4299.84
167219,4300.9
756496,4303.64
196798,4307.42
140750,4311.42
584173,4312.77
855721,4312.87
734119,4315.67
456554,4315.79
474383,4318.09
892994,4318.09
273552,4325.49
863626,4328.37
314250,4328.86
135878,4330.39
476497,4330.39
682979,4330.39
909476,4330.39
512897,4334.06
537795,4334.06
700276,4334.06
708271,4334.06
843672,4335.68
419237,4339.87
645147,4340.09
704074,4340.09
978654,4340.86
227015,4341.36
165596,4344.52
819592,4344.99
847559,4344.99
523288,4347.16
969318,4347.59
370990,4349.31
433946,4349.31
263822,4351.55
387650,4354.4
768030,4354.4
220808,4358.76
304643,4359.74
320183,4362.93
387214,4362.93
413305,4362.93
600063,4362.93
846119,4363.2
700731,4363.6
257391,4364.31
935068,4369.6
628180,4369.7
165339,4371.19
646022,4374.04
245575,4376.36
327903,4376.36
701708,4376.36
245604,4379.77
649054,4379.77
496387,4379.93
928294,4383.15
210148,4383.75
265317,4383.75
765127,4384.85
825809,4384.85
130953,4386.28
241144,4386.28
753130,4386.28
962267,4386.28
401722,4389.95
994993,4395.89
142726,4397.78
693196,4407.77
712248,4407.97
441423,4413.29
901775,4414.58
353535,4416.21
807058,4420.25
218425,4422.41
938323,4422.41
638732,4422.62
583601,4422.88
895185,4423.69
641869,4424.58
529733,4426.1
377029,4428.03
638602,4428.03
373501,4428.63
580628,4429.19
948658,4429.19
521176,4433.69
907544,4433.97
597228,4434.41
351389,4436.81
533742,4437.84
916131,4439.68
178036,4443.74
601167,4446.74
821705,4447.42
662521,4448.64
191558,4455.52
749362,4456.02
803084,4457.94
100644,4458.11
220564,4458.11
753987,4458.11
858814,4458.11
680565,4462.45
268958,4463.0
496482,4463.0
464137,4466.98
958800,4467.71
691520,4468.51
611051,4470.18
151183,4471.78
633135,4473.88
487027,4475.05
987612,4475.05
830071,4475.16
905469,4475.16
811139,4475.42
617108,4476.81
332983,4479.02
586891,4481.39
660197,4482.02
898788,4483.84
411365,4488.13
184976,4490.55
952629,4490.6
962055,4490.6
951226,4492.23
478431,4499.49
153261,4502.41
455234,4502.67
441724,4502.68
103359,4502.87
509614,4504.16
634916,4504.16
415077,4505.4
556622,4505.85
160250,4506.49
779082,4508.86
356980,4510.19
617916,4510.19
125996,4512.2
135977,4514.25
948053,4514.25
165138,4516.81
593007,4518.02
207047,4518.78
276152,4520.34
780728,4520.34
389995,4522.88
112661,4523.75
682288,4524.64
271432,4526.13
267951,4526.61
407648,4528.5
742886,4528.5
259170,4529.11
379716,4529.11
955633,4531.37
902690,4538.12
406373,4540.99
186246,4541.26
467580,4547.16
492757,4547.32
728655,4548.29
437407,4549.08
571845,4549.34
436975,4550.86
126097,4551.06
779046,4551.06
638618,4553.81
627893,4554.91
831780,4556.59
836226,4558.43
444092,4558.5
975614,4558.97
269960,4563.86
519726,4566.12
327530,4566.38
511342,4566.38
708458,4571.61
254575,4572.04
229692,4574.0
129743,4574.52
146572,4579.61
301563,4582.65
613234,4582.69
731160,4582.9
194959,4590.81
973951,4590.81
770651,4594.29
910336,4595.04
304601,4595.52
553412,4601.63
568484,4605.27
166911,4605.87
637235,4605.87
960555,4607.24
803747,4611.25
307166,4617.39
799857,4617.84
648648,4619.45
301794,4620.39
286954,4623.62
705262,4625.55
430221,4626.8
695428,4626.8
772437,4626.8
834270,4626.8
867840,4627.09
673934,4629.0
355184,4629.97
839295,4631.01
920966,4633.34
992072,4633.45
159233,4634.73
145480,4636.55
371191,4636.55
514552,4636.55
615673,4636.55
692252,4636.55
828481,4636.55
210752,4637.03
115405,4637.16
655085,4639.98
956619,4639.98
754774,4642.02
289354,4643.41
613908,4644.9
538979,4645.57
754264,4645.84
421432,4647.42
149430,4650.06
634423,4650.06
342679,4652.89
717806,4652.91
226511,4653.09
586100,4653.09
566808,4654.58
665548,4654.95
327470,4655.39
584017,4656.49
287414,4660.01
227008,4665.25
124987,4666.64
540918,4666.64
408931,4668.04
518771,4669.23
148368,4670.05
371164,4670.06
299278,4673.2
784787,4674.71
526644,4679.98
898122,4681.53
620587,4682.25
681309,4682.25
894620,4683.44
217792,4686.47
290024,4686.47
429933,4686.47
920545,4686.47
314182,4691.04
220601,4692.05
407173,4692.66
307321,4693.75
720007,4697.15
954424,4698.76
258799,4699.03
491253,4700.42
144756,4700.58
670040,4705.59
634807,4706.68
129429,4709.52
966285,4711.85
340691,4713.4
959364,4714.04
597630,4715.29
630869,4715.32
974500,4715.47
296736,4717.63
438263,4717.63
198407,4718.56
601583,4718.56
352581,4720.61
664684,4721.66
526663,4726.87
707042,4726.87
134180,4726.96
539537,4726.96
260155,4727.35
697079,4729.59
420222,4729.97
580586,4730.36
833627,4731.37
110099,4731.84
332208,4733.51
709123,4733.51
347861,4735.18
668000,4736.35
641123,4737.41
788332,4738.99
415327,4739.3
531793,4739.86
598016,4742.62
121751,4743.62
361892,4743.62
201564,4744.97
508728,4744.97
550213,4746.69
173485,4748.79
571017,4751.28
455594,4754.45
330249,4755.37
794348,4755.48
561874,4755.72
319504,4755.76
105835,4756.13
372069,4756.13
600013,4756.91
722629,4757.24
556266,4758.47
842405,4760.94
919668,4762.16
925433,4762.16
489781,4762.59
462459,4762.82
595681,4762.82
680754,4762.82
742854,4762.82
488130,4766.37
426317,4767.69
485383,4770.26
140077,4770.55
264018,4770.55
348732,4770.55
553254,4770.55
706918,4770.55
773857,4770.55
790287,4770.98
811612,4772.93
494552,4772.94
667615,4772.94
754175,4772.94
755276,4772.94
952493,4772.94
815626,4773.69
957008,4773.69
124351,4774.38
895601,4776.19
192651,4777.12
644417,4778.68
881943,4779.89
405465,4783.92
642409,4783.92
234047,4786.01
366911,4786.05
424540,4787.21
985622,4787.81
255718,4792.81
874589,4792.83
631232,4794.93
725705,4794.93
463890,4794.96
760842,4799.62
887026,4801.66
377302,4803.78
364931,4804.36
920954,4804.36
103362,4807.0
953097,4807.85
146067,4808.96
842390,4809.22
620741,4810.98
848003,4810.98
833024,4811.18
457525,4811.74
220315,4813.28
547994,4813.28
324881,4815.01
233646,4815.02
809016,4815.53
350675,4815.85
773219,4819.18
129515,4820.7
146760,4821.99
448483,4823.56
510841,4825.5
261229,4825.65
496728,4825.65
549862,4826.83
277430,4827.78
728043,4829.57
533666,4830.91
645600,4832.12
441340,4834.71
587591,4834.71
642449,4835.57
514917,4836.05
401422,4836.22
260712,4836.89
979075,4837.93
441359,4838.21
256135,4838.88
765261,4838.88
900359,4838.98
909854,4838.98
704112,4839.11
756543,4841.06
141497,4842.28
643026,4845.0
325498,4846.32
287385,4848.9
871145,4848.9
843158,4853.1
896947,4858.43
453719,4860.58
784537,4860.58
346809,4860.62
757938,4860.62
950915,4860.91
764544,4861.49
756973,4862.91
745738,4863.27
401007,4864.38
981674,4864.38
723055,4864.53
357375,4865.37
958143,4865.85
328754,4866.65
946258,4867.38
210746,4869.28
302957,4869.28
774234,4869.6
557289,4871.15
603531,4873.35
682337,4873.67
368523,4874.22
274179,4875.32
833679,4875.32
742062,4876.32
789303,4876.47
299366,4877.61
666952,4877.61
289863,4877.95
773390,4879.38
240476,4879.44
865411,4879.44
727446,4880.71
858557,4880.95
388639,4881.75
317137,4883.12
925413,4883.12
650553,4883.55
536066,4885.16
286641,4886.54
561219,4886.54
154864,4887.79
945050,4889.77
144565,4892.42
536535,4892.63
921563,4893.29
231843,4896.27
519213,4896.56
429448,4900.34
841437,4900.55
608601,4901.89
694388,4903.81
206576,4904.89
441439,4904.89
496159,4904.89
804239,4904.89
818870,4904.89
627502,4908.21
881106,4908.21
347997,4909.84
530281,4911.77
806839,4912.03
415896,4916.3
441782,4916.3
109840,4916.37
631683,4917.89
202227,4918.92
980952,4918.92
492812,4920.49
969689,4920.77
688410,4921.33
102184,4923.18
292084,4923.18
964047,4923.95
997370,4926.28
536959,4927.71
574613,4928.4
277285,4929.55
572463,4929.55
604825,4929.55
696897,4929.55
744698,4929.55
842190,4931.22
374107,4931.5
558854,4931.5
988223,4932.88
335137,4932.92
347431,4932.92
299397,4935.64
426791,4935.64
595965,4936.89
481893,4938.21
456432,4938.73
326240,4938.89
500060,4942.87
699750,4943.39
754338,4951.66
729518,4953.09
248664,4954.29
146037,4956.25
305687,4956.25
633140,4957.03
326267,4957.4
696026,4958.02
868161,4960.97
169932,4961.57
716435,4962.21
750922,4964.63
751829,4966.74
114743,4966.77
488884,4966.77
663150,4967.04
261573,4967.54
126216,4969.53
261283,4969.53
255836,4971.35
247471,4974.8
473144,4974.8
652614,4974.8
682103,4974.8
902693,4974.8
904805,4974.87
703852,4975.17
497194,4979.08
907950,4979.08
154136,4981.83
687412,4982.68
183374,4983.46
185288,4983.46
509607,4983.62
702938,4983.9
997964,4983.9
562411,4984.1
121236,4984.62
490860,4984.62
633458,4990.34
377289,4991.47
463298,4991.54
444259,4992.06
836984,4992.06
660922,4992.92
557852,4993.03
599491,4993.03
732362,4995.17
282181,4996.55
724510,4996.56
967298,4996.56
137185,5001.53
528229,5001.53
607696,5002.09
358968,5003.34
327163,5004.14
883230,5004.14
262508,5004.26
963100,5004.26
436971,5004.31
619141,5007.67
928082,5007.67
960934,5008.79
734824,5009.81
296689,5010.38
965698,5011.26
742319,5012.08
894048,5012.08
103436,5015.01
509060,5015.01
768255,5015.01
934280,5015.01
310983,5015.64
357971,5015.64
545144,5017.61
752548,5017.85
402332,5018.89
756559,5021.15
603082,5024.03
131815,5024.78
873177,5024.78
667517,5028.74
719719,5028.74
307859,5029.3
629267,5032.17
750300,5033.69
114924,5037.95
821944,5038.98
767456,5039.39
202052,5039.87
976605,5039.87
462974,5040.41
105921,5041.45
192405,5043.8
683458,5045.87
552221,5046.89
819448,5047.48
273984,5048.23
846033,5048.23
556313,5049.69
366932,5049.77
621279,5050.83
641159,5052.38
163002,5054.33
210247,5054.78
238939,5059.33
575411,5059.33
756636,5060.3
224666,5061.18
810482,5061.18
976489,5062.37
701216,5066.63
321666,5067.21
582883,5068.43
138759,5070.23
953281,5070.23
419491,5073.28
690862,5073.28
705980,5073.28
961455,5073.28
105251,5074.25
474921,5074.84
481699,5075.66
464166,5077.32
811430,5078.45
711248,5083.79
691626,5085.02
142812,5087.02
298967,5089.69
756515,5089.69
552945,5090.45
847502,5091.1
609878,5092.79
936232,5092.79
962637,5093.01
811162,5095.44
247721,5096.67
488224,5096.67
950832,5096.67
548238,5096.7
383962,5097.53
512580,5097.53
430555,5097.76
583610,5100.09
199792,5104.35
481987,5104.35
664052,5106.11
212130,5106.78
109903,5107.16
173416,5107.16
586056,5107.16
524379,5107.62
627791,5107.62
393888,5108.04
791678,5109.5
704267,5110.68
432920,5111.3
168418,5112.1
996539,5112.31
203517,5112.57
420786,5113.9
762951,5113.9
285386,5116.24
638152,5116.24
447275,5116.62
773019,5116.62
654288,5119.41
573078,5120.62
623154,5122.72
205256,5123.2
266604,5123.48
601586,5129.74
450698,5131.36
879844,5132.68
745383,5133.4
625784,5133.41
107067,5137.35
812628,5137.35
109956,5137.85
310236,5138.24
214020,5140.11
463070,5140.39
686224,5141.98
564973,5143.88
239970,5146.81
530113,5147.11
662209,5147.11
121095,5148.65
529746,5148.65
240330,5152.82
110752,5154.05
890839,5154.76
737221,5156.07
637641,5158.65
970976,5159.37
680445,5161.79
180219,5162.12
170544,5163.23
916634,5163.23
817456,5163.84
582646,5165.57
225743,5165.81
651006,5165.81
122517,5166.19
769560,5167.36
852094,5168.15
236037,5169.5
550262,5169.5
769763,5169.5
826312,5169.5
858957,5169.5
117456,5170.03
597267,5170.36
541009,5170.81
702686,5173.49
707698,5174.69
118076,5176.16
674462,5176.58
702406,5176.73
611538,5178.7
163083,5179.89
404417,5181.05
350863,5181.62
766401,5181.62
774168,5181.62
988921,5181.62
989527,5181.62
336141,5182.39
451528,5182.46
397053,5185.8
475500,5185.8
493925,5192.36
271365,5195.82
795607,5200.08
620792,5200.23
464044,5201.25
921102,5201.25
431521,5201.36
497861,5205.26
101594,5205.75
283066,5205.75
433881,5205.75
800016,5205.75
918276,5206.03
679531,5206.11
843972,5207.2
166333,5207.64
743263,5207.99
924493,5209.95
169950,5210.35
345978,5213.37
569319,5214.34
374113,5216.91
212304,5217.51
329300,5217.51
616522,5217.51
369715,5218.34
186146,5219.89
348740,5220.69
780504,5223.43
374585,5224.33
955773,5226.29
276289,5227.23
417082,5227.57
217967,5227.77
473622,5227.77
473548,5229.74
800268,5229.99
182124,5232.33
872706,5232.33
684022,5232.45
161650,5234.33
329660,5234.78
954174,5237.48
934271,5237.94
653698,5239.89
997945,5241.14
709948,5244.4
451886,5245.68
460043,5245.68
110603,5246.28
150141,5246.28
215257,5246.28
240135,5246.28
822507,5246.28
710473,5248.98
641997,5251.15
759370,5251.15
359693,5253.49
786613,5256.92
462078,5257.24
242348,5259.71
902148,5260.92
487807,5261.1
855261,5264.43
771285,5267.76
499875,5267.85
361434,5270.01
522924,5271.98
807211,5272.7
330468,5274.2
655715,5274.43
693212,5275.63
970154,5278.18
737906,5278.2
542002,5279.12
717772,5282.54
675541,5284.04
868152,5284.51
527337,5285.27
942102,5285.27
137973,5285.31
937385,5285.31
810621,5288.17
396984,5290.67
567670,5290.67
440209,5291.4
796692,5292.2
912797,5292.63
874035,5293.72
490479,5295.63
380099,5296.84
655473,5297.15
154173,5297.67
202807,5301.84
568681,5305.09
593340,5305.09
445451,5308.25
729561,5308.29
792229,5309.44
152778,5310.91
476431,5310.91
872619,5313.44
730771,5313.47
165265,5316.61
128754,5316.64
232290,5318.9
313292,5318.9
687593,5318.9
470469,5320.08
428872,5320.61
624569,5320.61
627913,5322.29
203143,5323.27
500022,5323.27
385718,5323.87
519826,5324.39
297101,5325.72
430503,5325.72
612074,5325.72
639145,5325.72
701223,5325.72
837580,5325.72
792086,5326.5
114021,5326.68
377642,5329.08
740992,5329.08
824610,5329.13
832062,5329.13
773112,5330.59
829291,5331.74
211575,5331.82
201339,5332.46
261273,5332.46
406254,5332.46
517614,5332.46
547357,5332.46
934267,5332.46
849673,5332.62
244925,5334.18
561620,5334.18
298883,5335.02
979776,5335.02
154652,5335.38
326564,5335.38
594997,5338.53
931834,5338.53
570116,5339.49
632720,5340.54
154230,5340.81
636206,5340.81
647894,5341.44
167660,5344.99
950403,5344.99
644014,5345.68
582257,5345.99
542180,5348.07
118688,5348.3
118511,5350.0
793618,5350.21
682533,5350.37
599873,5356.14
294738,5358.27
336484,5363.08
733906,5363.08
661744,5363.53
721088,5363.53
846953,5364.47
827164,5367.09
614350,5368.89
216937,5372.35
982446,5372.91
256434,5373.72
673872,5375.66
563749,5375.82
788159,5375.84
823628,5377.91
799064,5379.48
603433,5380.09
617670,5380.32
382671,5380.9
517405,5380.9
542696,5380.9
700260,5380.9
881156,5380.9
857481,5384.02
792412,5384.67
357166,5386.33
734952,5386.97
579245,5387.93
428649,5388.02
552576,5388.02
389565,5389.5
420148,5389.5
479815,5389.5
790649,5389.5
799919,5389.5
903648,5389.5
657668,5390.27
859549,5391.08
754436,5391.78
138993,5391.97
863942,5392.44
491351,5392.5
635398,5392.5
481018,5394.0
495473,5394.7
789826,5394.7
289968,5394.91
319501,5395.09
940711,5395.09
263433,5395.43
527414,5395.83
189817,5396.37
850123,5396.37
852394,5403.59
250089,5405.52
414157,5406.69
684155,5406.88
777714,5408.91
147891,5411.94
724660,5411.94
352078,5412.46
582427,5412.46
273198,5414.32
653637,5414.62
217204,5418.15
627826,5420.34
481955,5421.02
716236,5421.54
762474,5427.17
924793,5431.21
537038,5431.22
171257,5431.37
969913,5431.37
935738,5432.86
185285,5433.21
204507,5437.44
714270,5437.44
368878,5439.36
139682,5442.74
562305,5445.82
615528,5445.82
420515,5448.56
311952,5450.39
320191,5450.39
536603,5452.17
642000,5453.86
405698,5457.26
593506,5457.26
496371,5457.34
631661,5460.37
207195,5461.55
745290,5461.97
489956,5470.06
498793,5470.06
648365,5470.06
709059,5471.83
886677,5473.16
889671,5477.21
172135,5479.56
178403,5479.56
299448,5479.56
428536,5479.56
969933,5479.56
190236,5479.85
810071,5480.07
983900,5480.1
169525,5481.5
532752,5482.55
270759,5483.89
514272,5488.93
991210,5489.21
371152,5493.02
614720,5493.02
488799,5493.7
766861,5493.7
744406,5497.66
171883,5498.66
290902,5498.75
134273,5498.94
984545,5498.94
730641,5503.44
502615,5503.92
228151,5504.14
286065,5504.14
385131,5504.14
543460,5504.14
668576,5504.14
861336,5504.14
922351,5504.14
515663,5505.17
230763,5507.16
784356,5508.32
129510,5510.11
486812,5510.11
640082,5511.03
968608,5512.34
118332,5514.34
239892,5515.41
413347,5515.41
269775,5519.51
310867,5522.77
565787,5526.44
324506,5528.21
383202,5528.21
585377,5528.21
346384,5528.66
183025,5531.72
380294,5532.63
602361,5533.23
573972,5534.57
579581,5534.58
795554,5534.82
367774,5535.96
780855,5535.96
352337,5536.39
123083,5548.03
616641,5548.03
872315,5551.39
204311,5551.59
539599,5552.33
601597,5552.6
656639,5553.52
162485,5553.76
806283,5553.76
298506,5554.83
700924,5555.56
865737,5555.56
141266,5555.83
502585,5555.83
835785,5555.83
211984,5556.91
763248,5558.3
650366,5558.31
159531,5563.77
294273,5565.69
539776,5565.69
451469,5568.66
278345,5568.89
106964,5568.95
272839,5568.95
535320,5568.95
807134,5568.95
834733,5568.95
264723,5568.98
463947,5570.18
543119,5573.11
301760,5574.96
857159,5574.96
371739,5575.75
661069,5577.24
820501,5577.24
347982,5577.54
614782,5580.92
289294,5580.96
324713,5580.96
230429,5581.76
391542,5583.07
125300,5583.58
509746,5583.58
495773,5583.83
545497,5586.97
411116,5592.16
830777,5592.46
319801,5595.39
540628,5595.39
978676,5595.76
628096,5595.84
165554,5597.12
286225,5597.12
442525,5597.12
694743,5597.12
831854,5597.12
954599,5597.12
809024,5599.38
997189,5600.01
114983,5601.68
337812,5603.74
553944,5605.38
651020,5608.16
117932,5608.32
919894,5608.82
270761,5609.08
869116,5609.08
238752,5612.38
480846,5616.85
355839,5618.49
101547,5619.69
153645,5619.69
196582,5619.69
309364,5619.69
591174,5619.69
772237,5619.69
127052,5619.85
671359,5619.85
465603,5625.91
968828,5626.57
725294,5627.3
379572,5632.61
202293,5633.53
779211,5633.95
192013,5635.25
766562,5635.29
402624,5637.74
623478,5638.05
405740,5638.15
819255,5638.15
359133,5638.54
337945,5638.93
535544,5638.93
193775,5639.94
326069,5639.94
874939,5640.73
432302,5642.75
951781,5643.8
436266,5645.51
708151,5646.32
693791,5651.4
611366,5656.2
816196,5656.2
962801,5657.03
117033,5657.81
504078,5658.91
855998,5658.91
742669,5659.14
494887,5660.13
895651,5666.47
585162,5666.7
857629,5666.87
702327,5670.13
430519,5671.93
123830,5674.14
441623,5674.14
246911,5674.38
120799,5678.05
607769,5678.05
626664,5678.05
695342,5678.05
696329,5678.05
806639,5678.05
976596,5678.05
428523,5680.28
455937,5681.31
908301,5686.96
931135,5687.9
955130,5688.2
191638,5689.64
338295,5692.68
704968,5701.28
473194,5704.98
923333,5705.55
371606,5708.02
907157,5709.36
611689,5712.38
830446,5712.38
741892,5714.17
143087,5714.23
251436,5714.25
297568,5714.56
187025,5715.79
167177,5717.22
939752,5719.79
140483,5723.54
445338,5733.21
122166,5737.23
246581,5737.5
892066,5738.28
820406,5741.73
887228,5743.4
906836,5744.23
872335,5745.42
673399,5745.94
844540,5745.96
199513,5746.15
294172,5749.88
215294,5757.44
223018,5757.44
501699,5757.44
909547,5759.01
210442,5762.47
524536,5763.27
475991,5764.78
407340,5764.86
547559,5764.86
893771,5765.5
929009,5768.83
646359,5771.61
183523,5773.52
533509,5773.52
517702,5776.34
414164,5780.18
428565,5780.18
448142,5780.18
676289,5780.18
747339,5780.18
853871,5780.18
308591,5781.02
972157,5781.02
702005,5783.18
903146,5789.35
183626,5789.85
184206,5792.44
111387,5793.16
880681,5794.57
390546,5794.68
256486,5797.6
961512,5799.06
349670,5799.83
629995,5799.83
203409,5800.17
587623,5800.17
931097,5800.77
955649,5801.13
756668,5802.07
757060,5802.07
408863,5802.84
833305,5807.99
939932,5808.93
761114,5809.26
128245,5810.63
973407,5811.61
109029,5812.0
509514,5813.24
942287,5815.05
193212,5816.71
306112,5816.71
627970,5821.79
911663,5824.22
118365,5838.9
716812,5838.9
839263,5838.9
862576,5838.9
479593,5843.61
521111,5845.43
861415,5846.52
256755,5849.32
727047,5849.32
926967,5850.45
784962,5860.02
997599,5860.02
367697,5860.17
522935,5864.38
982578,5866.42
212695,5871.61
497648,5872.96
890595,5874.82
375265,5875.04
794752,5875.04
950391,5875.21
325802,5879.18
900801,5880.26
881304,5881.81
780428,5884.31
266861,5886.22
137985,5886.62
620584,5886.62
812152,5889.51
204926,5893.37
736459,5894.91
335246,5895.11
153586,5896.54
683910,5897.56
261832,5897.75
105214,5897.99
561041,5897.99
462495,5904.09
994219,5904.09
729581,5905.97
724513,5906.94
672391,5907.08
130446,5907.15
225748,5907.15
239457,5907.91
253056,5908.75
271059,5908.75
357199,5912.78
852855,5913.2
890646,5913.2
114242,5914.95
472942,5923.21
346274,5923.52
148289,5926.39
215719,5926.73
604471,5926.73
676409,5926.73
852995,5926.98
799437,5927.39
452150,5931.28
893375,5931.28
480200,5932.56
338808,5934.74
653337,5935.57
908759,5935.57
489391,5935.82
249795,5936.34
558288,5938.51
748890,5938.51
507360,5943.07
517267,5955.54
454543,5956.55
262369,5960.58
314328,5963.17
555218,5968.12
445145,5971.0
657116,5971.0
236165,5971.31
502163,5973.14
551833,5973.14
995812,5973.98
198456,5979.72
355298,5979.72
754292,5979.72
639584,5980.85
447647,5981.38
261331,5989.77
582990,5989.77
120594,5994.23
315113,5994.42
413330,5996.07
958518,5996.07
688748,5999.38
352734,6005.21
450987,6005.21
767864,6005.21
385190,6005.85
916020,6010.5
663975,6019.96
548999,6032.74
851255,6042.62
468516,6042.91
427980,6044.02
804557,6044.02
900325,6045.63
156870,6047.03
222278,6047.03
463751,6047.03
614221,6047.03
766777,6047.03
567151,6051.64
981395,6054.49
572768,6057.07
612664,6057.07
244844,6062.44
604274,6062.44
292035,6063.2
277783,6064.34
917192,6064.34
602346,6066.12
816110,6071.91
928291,6073.24
656942,6081.05
924037,6081.48
856609,6085.3
142717,6087.3
156457,6087.3
968450,6089.52
700770,6089.77
712605,6089.77
110476,6098.46
315337,6104.5
988149,6104.85
906178,6111.05
633332,6121.11
861162,6126.57
361680,6135.08
781110,6135.08
150883,6141.96
652741,6143.9
332003,6156.36
275386,6158.6
302066,6158.6
775304,6159.01
380627,6162.2
922741,6162.37
652862,6165.56
378153,6172.39
852786,6176.7
768959,6179.7
521699,6183.11
690637,6183.19
136430,6185.1
537852,6185.1
387568,6186.27
932599,6186.27
151627,6207.17
619596,6207.17
290507,6218.66
528363,6220.77
778030,6227.37
723091,6237.51
986126,6237.51
782100,6240.66
802519,6240.9
534464,6242.6
306231,6243.09
307296,6243.14
426994,6245.58
321227,6252.36
802645,6259.48
203696,6259.51
433510,6259.51
607292,6264.63
996301,6265.34
918479,6269.14
226924,6269.59
135392,6273.91
147272,6273.91
356708,6273.91
830811,6273.91
843816,6273.91
893866,6273.91
435557,6274.12
686474,6274.12
271911,6275.16
211589,6279.82
455023,6279.82
157911,6282.08
163481,6282.08
840071,6282.08
992194,6282.32
944750,6285.02
314065,6285.15
579093,6285.31
298098,6285.48
811746,6288.16
621876,6289.8
508399,6290.7
523642,6291.59
710598,6293.96
115354,6297.0
346529,6297.0
740814,6298.18
968484,6298.18
170404,6301.1
311008,6301.1
470123,6310.4
360446,6314.49
471015,6323.92
697091,6323.92
926315,6325.03
790346,6326.68
230027,6332.94
877609,6332.94
355669,6334.47
319059,6342.47
466477,6347.5
958931,6352.96
168123,6361.85
148942,6361.95
195994,6366.23
319430,6366.23
554255,6366.23
281550,6369.26
528173,6369.26
652809,6369.26
773397,6369.26
595529,6375.08
275118,6383.48
522851,6383.61
434658,6385.62
360485,6388.21
516984,6405.74
231641,6408.79
981150,6408.79
375056,6411.12
756341,6412.37
357161,6418.85
802470,6423.74
925254,6423.74
501037,6425.71
555541,6425.71
182459,6438.97
103217,6439.33
597837,6446.71
724626,6473.33
957572,6474.83
585854,6478.8
848998,6480.1
822305,6480.68
475172,6481.38
906316,6481.53
518561,6486.11
141614,6496.2
476327,6500.41
411030,6503.14
829863,6503.22
360805,6503.4
659792,6503.4
798832,6503.4
939961,6503.4
501131,6508.76
837517,6512.98
491987,6514.43
664062,6514.95
184466,6515.03
660119,6516.21
361439,6520.82
178643,6521.37
636012,6521.37
714163,6521.37
911003,6529.43
972671,6529.43
526736,6529.91
382149,6532.01
383399,6540.2
919557,6545.8
924794,6545.8
232907,6553.94
814748,6554.39
861696,6554.39
222702,6556.1
890543,6558.88
611673,6559.35
485742,6560.82
933053,6568.76
340925,6575.45
862100,6575.54
845227,6582.45
135574,6601.61
137952,6601.61
370066,6611.12
921776,6611.12
428152,6612.22
956843,6612.22
180009,6613.97
410958,6615.82
517190,6615.82
793980,6617.14
100272,6622.05
227274,6622.05
609971,6627.17
829861,6630.84
277370,6633.14
503305,6636.86
735605,6636.86
509345,6639.33
575571,6639.33
890051,6646.75
711795,6647.85
686432,6650.46
723457,6650.46
507567,6650.82
251223,6652.47
982715,6652.47
333799,6656.71
159688,6672.06
641879,6672.13
695686,6672.13
441135,6673.74
509809,6674.18
192898,6674.45
427388,6677.42
473636,6677.42
637532,6680.15
618329,6685.07
335365,6685.8
445432,6686.13
159359,6689.02
422349,6689.02
607117,6689.02
574163,6699.22
358513,6701.57
444661,6701.77
877034,6707.99
447092,6715.34
370877,6727.62
385593,6729.87
744234,6732.97
503560,6739.32
561481,6745.25
245227,6751.78
882718,6751.78
951116,6756.65
112393,6763.18
716932,6766.56
528712,6769.0
648596,6769.32
145192,6776.35
192816,6776.35
115805,6781.13
362055,6781.27
763618,6781.27
411897,6782.56
626973,6803.62
914920,6811.58
526629,6817.43
888901,6819.23
174803,6826.8
560505,6827.04
208375,6832.13
281118,6832.13
289139,6837.93
107212,6842.58
514145,6842.58
172983,6846.15
343605,6846.15
400404,6846.15
961682,6846.15
645072,6847.12
345840,6860.59
220802,6861.28
543326,6861.75
797675,6861.75
320042,6863.71
622610,6863.71
808353,6866.09
275846,6874.33
559721,6874.85
787911,6874.85
577156,6876.31
787763,6883.67
511483,6886.32
830564,6889.1
316644,6889.52
506776,6889.56
876538,6889.56
217051,6893.17
832597,6895.31
804328,6896.09
836665,6898.46
340736,6899.71
584426,6899.71
805013,6900.95
740608,6913.57
122456,6915.73
366599,6915.73
857914,6921.0
815718,6940.07
597237,6940.97
192556,6941.87
358384,6943.74
636177,6945.02
445673,6947.52
925767,6947.52
542089,6947.84
494062,6950.1
392098,6964.05
336451,6965.42
677976,6965.42
240942,6968.34
221204,6969.88
473204,6974.92
326823,6978.72
745769,6978.72
407924,6979.54
206890,6981.08
748174,6986.6
604724,6988.4
225262,6991.25
164013,6991.61
392619,6993.84
794136,6993.84
405735,6997.01
941109,6997.83
691700,7007.27
208668,7013.44
636753,7013.44
191917,7017.15
140208,7019.18
179590,7019.18
186539,7019.18
345099,7019.18
745565,7019.18
767428,7025.65
436475,7031.46
893549,7031.79
751664,7034.35
876409,7035.76
781480,7035.97
251521,7048.38
688902,7048.54
488811,7050.97
918756,7053.3
442609,7060.21
780104,7060.21
473758,7078.95
572066,7079.79
689000,7080.13
379041,7081.69
990728,7083.21
698443,7089.05
500248,7092.64
724989,7094.17
385092,7095.13
679075,7095.13
489335,7096.6
932261,7099.57
354295,7100.33
805574,7100.33
227808,7109.3
126239,7109.34
833317,7119.53
884992,7119.53
313673,7121.08
499518,7123.69
466998,7124.2
753452,7126.26
652047,7126.47
305807,7126.6
152499,7138.17
449441,7142.55
769346,7142.55
150751,7148.33
548228,7150.11
959027,7150.11
238649,7153.21
196905,7153.67
114700,7155.34
107385,7155.47
228820,7159.81
342407,7163.8
881584,7164.4
133463,7166.34
775158,7179.23
507008,7180.28
123538,7180.97
187141,7191.83
783789,7193.1
320784,7196.72
485787,7196.72
608517,7200.66
664856,7200.66
819664,7200.66
698546,7203.13
346532,7205.02
302980,7212.52
287942,7215.82
963644,7215.82
199358,7216.1
253046,7218.38
402052,7222.85
833891,7222.85
192554,7223.69
242719,7227.12
278568,7228.99
252082,7229.33
456177,7234.14
737519,7238.5
412487,7240.66
565171,7240.66
418470,7244.5
266298,7247.21
551429,7247.71
172059,7249.07
268643,7250.03
105063,7251.33
620094,7251.33
175191,7255.58
849705,7255.58
695624,7255.71
908374,7258.63
978349,7260.83
924031,7261.62
213432,7263.6
248952,7263.6
296579,7268.1
715947,7268.74
146839,7271.43
186754,7271.43
984409,7275.89
631051,7276.34
148208,7283.93
539704,7283.93
852863,7284.26
246722,7285.03
526975,7285.03
654249,7285.03
689818,7285.03
791280,7285.03
211755,7285.1
318180,7286.16
602150,7288.88
196514,7289.3
169270,7290.07
767678,7291.6
212762,7292.4
896075,7292.4
107141,7292.91
124207,7294.4
496831,7294.58
985765,7295.33
605849,7295.43
514395,7296.49
595235,7297.69
250854,7308.43
974265,7316.65
517262,7317.01
587800,7320.07
634269,7324.29
735790,7325.89
861700,7325.92
197063,7329.78
927446,7329.89
100585,7334.33
540011,7334.52
854243,7344.84
560528,7345.9
586401,7350.18
857161,7355.35
777531,7360.87
841636,7360.87
229166,7366.09
319868,7366.09
545010,7370.62
394321,7371.59
732880,7373.23
686783,7377.23
777108,7378.51
129328,7379.46
106038,7380.09
355707,7380.09
580493,7380.57
630920,7380.98
439013,7381.91
501109,7385.36
517295,7388.18
212579,7388.73
711823,7398.87
759093,7398.87
438641,7403.45
743953,7405.42
687820,7411.81
320996,7412.03
806196,7413.39
188655,7413.42
547342,7417.41
819498,7417.41
568769,7421.59
873579,7423.9
660047,7423.93
243741,7425.85
492367,7425.87
315482,7426.46
121183,7427.5
409512,7427.85
464606,7429.08
619916,7432.2
435777,7432.3
862159,7432.86
646519,7434.27
445024,7437.51
846864,7437.69
627244,7440.92
409984,7452.23
765428,7452.23
229842,7453.0
106637,7455.36
349278,7455.36
991084,7457.47
234836,7462.93
277788,7462.93
330741,7462.93
341725,7462.93
390343,7462.93
673192,7462.93
954973,7462.93
381901,7463.14
866606,7463.14
835508,7469.15
723476,7469.56
274431,7475.78
897293,7477.18
472787,7478.31
127496,7482.64
317260,7482.85
249639,7484.38
483631,7486.07
355099,7488.79
445073,7488.79
216719,7492.06
488009,7496.01
992538,7498.29
467382,7498.82
425411,7504.69
536124,7505.77
420627,7506.96
102311,7507.46
405500,7507.46
668213,7507.46
835975,7511.66
294728,7516.79
373118,7516.79
744441,7516.83
831035,7517.08
887892,7517.38
918048,7521.19
468945,7528.09
692685,7532.26
938093,7532.26
566737,7535.43
733889,7536.07
679414,7539.6
431533,7540.58
590485,7547.76
816983,7550.42
379752,7553.23
723298,7553.23
635907,7553.94
558469,7555.83
132045,7556.24
393806,7556.51
473409,7556.51
369361,7559.21
672430,7564.61
669890,7572.24
579847,7573.35
889525,7575.65
103340,7577.07
779291,7579.53
225891,7582.11
360902,7582.11
573475,7582.11
657777,7582.11
528260,7583.96
544752,7583.96
619840,7584.36
972787,7584.36
756867,7587.34
509044,7589.63
930041,7590.05
674281,7590.91
358255,7590.96
795908,7591.83
766969,7595.34
975218,7596.14
491242,7597.91
526374,7597.91
545883,7599.9
528055,7600.03
683126,7600.03
969924,7602.66
296088,7605.64
848736,7606.71
969860,7607.0
281585,7607.98
398074,7609.09
991419,7610.2
217761,7610.84
732488,7613.05
799157,7613.71
648653,7614.14
837733,7614.67
326961,7619.48
472540,7619.52
411298,7627.31
823761,7627.66
674497,7628.75
645653,7635.88
663918,7636.28
868744,7637.11
277281,7643.07
127127,7644.68
561640,7644.68
969277,7644.76
896853,7645.86
557640,7647.45
511922,7648.26
184045,7649.28
368391,7651.1
672635,7651.1
131001,7659.72
209831,7663.51
313815,7663.87
991442,7664.22
853621,7664.81
173548,7666.52
937430,7666.52
767089,7671.85
846950,7672.68
910142,7672.68
824486,7684.89
485258,7685.4
525765,7685.4
924217,7685.65
795714,7687.3
969626,7694.06
564959,7695.12
722154,7703.4
736109,7704.25
994225,7704.96
819246,7705.28
498923,7706.03
569880,7706.04
341185,7707.81
858106,7708.88
900133,7710.91
635805,7712.44
717308,7712.44
625524,7713.49
723347,7713.82
433116,7714.6
547542,7714.6
921410,7715.1
685533,7717.0
492695,7720.16
818114,7720.16
358586,7725.54
505962,7739.55
857538,7744.64
786624,7750.12
898427,7751.86
462128,7751.93
976004,7751.93
633339,7754.67
732081,7754.67
908519,7755.21
930893,7755.21
693625,7756.31
596462,7757.13
196845,7757.92
284442,7762.59
234256,7764.27
182490,7769.84
985341,7771.02
537405,7777.2
193037,7779.59
277145,7779.59
550769,7780.9
245066,7781.0
696431,7781.0
998507,7781.9
283822,7785.0
221345,7785.67
530119,7786.68
106946,7796.0
493800,7804.02
299204,7805.31
352377,7805.31
680839,7805.31
694158,7805.31
310681,7807.22
439574,7809.52
610096,7809.52
656572,7812.89
971488,7813.41
973609,7813.41
158995,7815.47
442252,7815.47
365156,7821.19
757704,7821.19
142800,7824.37
475034,7824.49
694497,7832.57
644769,7835.68
751351,7835.93
699243,7838.07
543449,7840.17
756833,7840.17
180140,7842.38
108440,7842.87
322294,7849.13
489856,7851.58
702478,7851.9
974617,7854.77
909242,7854.96
847609,7855.32
200764,7857.36
386936,7857.36
313461,7858.05
108528,7858.11
671933,7859.41
772438,7861.8
263812,7863.03
593684,7868.1
515639,7868.17
361827,7870.36
641327,7873.57
996794,7873.57
209850,7873.71
334143,7873.71
839694,7879.93
910809,7879.93
249723,7887.82
918021,7892.09
473259,7892.82
138981,7894.5
525202,7894.5
178077,7896.71
377489,7897.02
515386,7899.22
448823,7901.7
559723,7901.7
293100,7903.99
676203,7907.13
996616,7907.13
895085,7908.67
706747,7910.87
347142,7914.82
142354,7915.98
345682,7917.12
618601,7919.83
252110,7920.11
906884,7920.11
409454,7920.28
161103,7923.14
171047,7923.14
244132,7927.18
855981,7931.72
446991,7933.82
940187,7943.51
574674,7944.97
140891,7948.54
571670,7949.28
863599,7955.77
512599,7956.15
572836,7956.15
475950,7980.49
530621,7980.49
737756,7984.09
185835,7985.47
113220,7986.19
653441,7988.51
860980,7992.78
445247,7993.0
366744,7995.41
748198,7995.41
543881,7996.01
793126,7996.01
551809,7996.6
789206,7996.6
128041,8000.55
253528,8002.31
339927,8002.31
434470,8002.31
440671,8002.31
741421,8002.31
863108,8002.31
580201,8005.96
459991,8006.22
966391,8006.22
239749,8007.4
600884,8007.4
848250,8007.4
858626,8008.1
377742,8009.03
475249,8009.03
681722,8012.12
745668,8018.5
393206,8019.86
467143,8019.86
277139,8021.07
842210,8022.69
299412,8024.51
168026,8024.9
626217,8024.99
604645,8034.52
204686,8044.87
614721,8044.87
756928,8044.87
884433,8044.87
901442,8044.87
871740,8048.37
484765,8051.57
585277,8051.57
285074,8058.66
503938,8058.66
982096,8060.16
813652,8065.23
939741,8065.23
650704,8066.07
379962,8071.33
534510,8071.65
649855,8071.65
214354,8072.75
255951,8078.53
355781,8078.53
875707,8082.88
167575,8083.54
635509,8083.92
516791,8084.33
725510,8084.85
189139,8090.88
109203,8092.88
161766,8092.88
798662,8092.88
964206,8092.88
516544,8098.51
513820,8098.97
429921,8099.57
626746,8099.84
739284,8104.43
674375,8104.5
692121,8105.87
457374,8109.36
362134,8113.96
836964,8114.41
952093,8119.83
890404,8123.02
897772,8123.96
909075,8123.96
314258,8126.77
566767,8126.77
596787,8132.7
465412,8133.16
399678,8139.0
701036,8139.53
647672,8140.0
772019,8145.99
160320,8150.57
987978,8151.72
771133,8152.24
193747,8157.93
883505,8157.93
336025,8161.78
545659,8163.89
529390,8166.51
617263,8167.99
729394,8168.71
596171,8169.33
777931,8169.75
434081,8170.62
408651,8173.5
734556,8178.24
534452,8178.52
443896,8181.72
257985,8183.59
108462,8186.1
492158,8186.31
809218,8186.31
244308,8193.56
451448,8196.08
554453,8196.08
299210,8197.2
241849,8197.71
164363,8200.27
780389,8200.79
922206,8201.33
651835,8204.86
668959,8205.39
371672,8207.86
537722,8208.93
732606,8209.6
840741,8221.87
868037,8221.87
938126,8229.24
230560,8231.22
283133,8232.76
341897,8232.76
823986,8237.04
606563,8237.25
619693,8237.38
467013,8246.83
547649,8253.27
606396,8255.06
257864,8255.76
313982,8256.3
793838,8256.3
855883,8256.3
154172,8257.67
425720,8257.67
566802,8257.67
973104,8257.67
421822,8265.38
863035,8265.38
550834,8267.85
638264,8267.85
249841,8268.27
684133,8268.27
563188,8271.91
578167,8271.91
649972,8272.33
588095,8272.49
916851,8277.64
946001,8278.72
578020,8278.79
581419,8278.79
766691,8281.74
631839,8283.07
170710,8286.96
734226,8286.96
241495,8287.68
829663,8287.68
443231,8288.16
382748,8291.66
291336,8294.97
481293,8294.97
377050,8295.84
481048,8295.84
183305,8300.71
675104,8300.71
814703,8311.85
221643,8314.31
547802,8317.3
733603,8323.07
708258,8329.04
212862,8329.29
643480,8329.29
234562,8332.73
659536,8337.19
683920,8337.19
138768,8346.02
879185,8355.51
865803,8355.64
173531,8364.56
552755,8368.88
994877,8370.4
635715,8370.57
885480,8372.85
786710,8377.5
500782,8378.36
425472,8382.48
445675,8382.48
101644,8382.63
115529,8382.63
358375,8382.63
771932,8382.63
820164,8382.63
869284,8382.63
362165,8388.72
548202,8390.12
898162,8391.13
509928,8395.81
821419,8395.81
869971,8396.33
117342,8400.79
634418,8401.79
141742,8403.91
256574,8403.91
557597,8405.75
884040,8406.39
687170,8406.76
153600,8409.67
271929,8409.67
761459,8414.08
185153,8414.94
879542,8417.1
534764,8420.43
574899,8420.43
212484,8427.17
394569,8427.17
847938,8427.17
969632,8427.17
952938,8427.72
316970,8428.47
200863,8432.52
308197,8432.52
355994,8432.82
416105,8433.23
872774,8434.46
540291,8435.18
386649,8436.35
242387,8438.46
484225,8439.62
520428,8439.62
461325,8444.84
297520,8453.68
410963,8453.68
382980,8457.46
791809,8458.91
598059,8459.05
335421,8467.27
710255,8467.27
280895,8467.37
959453,8467.39
565040,8470.04
781354,8473.46
838657,8473.46
576576,8474.63
825254,8474.63
579034,8476.08
140977,8476.77
710069,8476.77
745938,8476.81
772181,8485.33
838008,8485.33
614063,8485.39
779171,8490.28
134847,8491.02
198123,8491.47
727095,8491.47
243751,8495.16
294580,8496.36
879964,8502.24
406294,8509.45
675710,8509.45
368591,8509.85
437086,8509.85
579318,8509.85
721456,8509.85
697840,8510.53
296146,8513.59
117832,8520.15
165827,8520.15
297427,8528.29
726472,8532.72
299769,8532.99
208967,8534.79
667860,8535.11
769030,8535.11
966891,8544.41
253210,8545.61
368118,8548.3
368122,8555.89
217862,8563.97
296997,8564.77
316752,8564.77
771757,8564.77
482525,8566.42
664183,8569.42
963170,8573.46
822102,8578.36
541239,8579.89
783145,8581.28
195806,8581.64
931054,8583.85
942194,8586.53
679994,8586.66
792698,8586.66
198836,8586.8
838232,8591.31
277494,8595.15
535367,8595.15
899543,8595.98
292618,8596.57
767416,8596.92
398086,8598.19
444894,8598.19
958687,8605.5
474027,8609.16
587378,8609.16
664379,8609.16
668968,8609.16
798814,8609.16
439566,8613.46
330433,8614.69
951458,8614.69
527712,8621.19
198354,8622.84
675538,8622.84
801241,8622.84
805545,8622.84
867070,8622.84
415341,8628.3
655263,8630.05
699343,8630.05
201561,8632.78
782719,8634.36
456360,8635.4
360017,8639.5
123115,8646.5
136022,8646.5
140419,8646.5
263569,8646.5
424208,8646.5
576294,8646.5
328668,8649.7
113864,8652.65
554449,8653.3
903641,8657.97
123784,8658.86
142715,8658.86
185815,8658.86
582097,8658.86
763403,8658.86
237303,8660.84
603446,8663.55
675616,8663.55
892967,8665.96
312568,8667.09
848498,8667.09
406287,8668.61
294642,8672.23
848159,8672.23
552747,8672.81
765079,8676.7
991189,8676.7
392785,8678.51
512869,8679.8
659400,8679.8
648533,8682.23
326001,8688.75
624528,8693.63
892227,8693.63
940249,8694.0
976330,8694.0
367338,8696.71
894919,8696.71
662022,8696.91
178540,8697.79
827677,8697.88
471466,8701.36
879265,8701.36
264236,8703.73
767672,8704.28
899958,8708.02
170801,8709.32
235102,8709.85
244475,8711.3
178409,8714.92
349838,8714.92
486139,8714.92
892022,8714.92
992499,8714.92
214878,8715.95
743766,8716.37
915902,8716.37
241641,8717.05
838650,8717.05
911812,8717.05
910969,8717.56
244414,8718.06
780991,8718.06
337983,8719.13
705353,8719.13
528809,8723.67
728687,8725.29
362642,8730.42
739767,8733.53
459735,8736.5
237106,8738.3
468067,8749.5
955720,8749.5
980788,8750.64
941679,8750.71
676639,8759.59
482561,8769.27
817520,8769.27
397242,8789.88
868659,8798.8
461559,8802.19
167026,8807.49
545638,8807.49
457077,8818.05
120206,8819.02
193564,8819.02
312474,8819.02
469767,8819.02
656650,8823.85
125606,8826.61
625458,8827.23
577901,8828.38
717459,8828.83
887605,8828.83
246059,8834.32
946525,8836.03
877152,8837.33
265575,8838.09
759417,8838.09
811569,8838.09
459223,8841.77
837810,8842.65
859821,8842.65
145552,8847.44
436901,8852.73
306331,8858.35
241675,8861.48
343011,8861.48
456614,8869.62
460110,8869.63
956071,8870.67
972298,8873.2
952641,8873.53
407433,8875.97
412402,8876.67
426384,8876.67
246399,8879.79
495058,8879.79
956630,8879.79
707710,8886.3
116372,8886.61
708519,8896.5
552966,8901.06
489609,8901.47
735515,8902.74
305243,8903.97
198075,8906.51
224842,8923.11
151967,8925.63
328323,8927.13
815789,8927.13
927401,8929.61
258202,8930.14
953757,8930.14
744608,8932.32
664277,8935.03
313860,8936.82
534734,8936.82
821739,8937.12
130593,8940.58
804521,8970.65
778310,8972.14
395446,8973.11
567219,8982.85
977377,8984.04
491122,8991.12
288774,8991.98
620446,8997.04
388046,9002.41
957377,9007.43
470480,9011.13
984968,9015.92
507281,9025.07
180925,9028.82
879506,9028.82
707967,9029.71
434568,9031.21
454632,9031.21
374293,9032.37
666933,9033.25
391673,9035.67
677292,9035.67
899271,9035.67
939466,9035.67
707023,9036.66
697169,9045.11
856818,9045.11
296217,9047.12
177700,9048.98
307178,9048.98
459936,9048.98
508126,9048.98
807289,9048.98
161180,9051.91
169302,9052.95
357988,9052.95
839412,9060.2
559657,9061.06
678544,9061.06
145220,9061.77
986507,9061.77
796705,9065.26
235229,9075.77
535327,9075.77
924173,9075.77
986208,9075.77
340583,9080.28
547442,9082.83
911906,9082.83
943380,9085.2
982433,9087.59
287962,9095.05
292021,9095.05
476258,9095.05
979053,9095.05
798708,9095.15
486200,9095.74
645057,9095.74
653070,9100.73
626560,9100.79
219806,9101.52
805159,9101.52
751602,9102.27
383656,9103.9
900726,9103.9
787899,9106.87
850034,9112.27
477517,9113.69
708692,9114.28
162166,9117.44
503615,9118.93
801391,9123.91
266953,9129.87
515645,9135.29
709595,9144.86
503217,9148.88
940200,9152.49
637151,9156.27
572927,9156.32
733497,9156.32
550856,9161.66
664084,9161.66
980145,9162.06
324139,9165.72
472356,9191.73
156673,9198.69
299165,9198.69
988594,9206.43
487799,9209.41
217235,9212.61
194709,9217.13
462638,9227.57
376969,9246.22
496820,9247.46
499963,9247.55
834286,9259.72
622776,9259.73
167335,9264.33
421252,9264.57
794552,9264.57
180922,9268.67
358012,9268.67
937418,9277.23
895451,9277.47
429292,9283.74
822211,9294.09
165900,9294.55
216683,9295.41
718745,9295.41
297607,9298.89
793619,9320.09
393380,9320.24
903290,9321.28
994308,9336.12
441128,9336.34
857708,9336.34
800831,9350.87
264632,9352.48
482218,9352.48
145177,9354.13
186593,9357.74
470591,9357.74
374850,9368.27
841456,9372.84
746796,9378.63
677751,9384.48
963523,9384.48
279231,9384.65
187291,9386.75
407377,9388.16
822765,9392.56
764980,9408.34
522408,9409.14
703278,9409.14
696826,9414.12
161276,9414.94
235585,9415.9
534972,9416.28
439819,9416.47
221993,9416.91
810899,9419.88
298280,9420.97
587769,9421.1
424100,9422.57
332077,9424.26
755337,9426.38
465980,9431.38
713831,9435.54
747609,9438.92
706199,9445.65
763797,9445.93
333213,9448.83
581668,9449.75
550519,9453.0
781219,9468.51
920657,9470.62
589818,9472.96
472589,9521.22
128611,9521.68
596674,9521.68
702809,9538.77
183748,9547.71
910056,9547.71
427919,9553.42
205658,9559.34
870022,9566.84
853039,9567.71
495168,9575.36
113877,9575.76
540715,9581.28
628860,9585.5
953420,9587.33
349470,9587.59
927339,9587.59
647684,9594.25
555205,9597.47
633330,9599.95
525246,9602.08
777231,9602.08
329364,9618.31
445427,9628.7
997478,9628.7
977916,9635.58
378454,9640.53
927848,9656.21
287023,9657.58
362541,9657.58
365404,9657.58
377375,9657.58
652636,9670.18
333825,9671.98
848615,9671.98
869672,9672.7
606962,9688.13
970102,9696.55
157092,9700.35
657118,9700.35
462355,9701.03
559016,9706.38
996152,9706.38
995777,9707.65
845782,9708.5
908844,9709.75
121605,9710.29
305618,9710.29
711552,9718.46
153075,9726.55
117910,9732.58
812804,9743.35
891413,9747.99
865406,9752.7
376929,9753.31
133698,9772.74
913866,9772.74
137383,9775.82
434693,9775.82
711214,9778.98
765446,9783.63
867446,9787.81
408309,9800.34
619337,9802.55
801483,9805.83
170091,9810.41
541953,9810.41
351145,9816.53
631369,9816.53
726065,9816.53
732602,9816.53
816608,9816.53
884909,9816.53
966142,9817.03
374275,9824.75
574726,9824.75
603371,9830.34
684691,9830.34
119690,9837.51
892630,9853.77
234515,9875.09
480864,9877.3
379384,9901.28
805816,9901.28
772025,9902.39
756967,9904.98
816406,9904.98
380928,9928.99
677335,9928.99
247180,9934.87
528985,9935.17
920211,9976.25
604792,9986.66
632352,9988.79
713236,9988.79
965079,10010.14
499563,10013.78
527941,10014.03
667678,10018.66
906428,10018.66
651631,10025.92
209107,10049.29
471858,10080.37
230070,10083.49
764555,10083.49
819521,10083.49
218601,10089.79
171788,10090.41
598705,10094.13
139932,10110.77
641734,10110.77
430059,10110.78
974715,10114.99
652357,10115.45
255215,10127.77
137161,10145.44
100853,10153.89
233774,10153.89
253283,10169.37
798525,10175.24
140534,10179.72
422787,10179.72
569769,10179.72
490840,10189.65
850953,10189.65
577265,10208.93
319664,10213.56
468534,10213.56
870223,10213.99
744320,10215.78
886086,10232.85
626046,10244.24
511584,10248.9
758322,10255.8
740105,10280.81
549757,10295.47
968638,10297.0
277033,10302.9
646289,10346.11
941719,10346.32
991090,10348.01
156684,10351.37
247714,10357.51
143422,10364.35
220131,10364.35
420339,10369.39
244245,10377.37
821296,10382.38
440198,10382.5
123668,10387.25
866995,10388.55
702863,10388.99
161546,10390.67
329720,10391.78
171937,10394.36
454628,10396.53
484422,10408.97
521684,10408.97
620563,10408.97
679311,10408.97
774321,10408.97
806157,10408.97
846055,10418.31
312148,10419.17
810503,10425.99
712636,10439.5
716863,10439.5
445176,10442.43
749418,10442.43
615244,10455.49
735341,10461.58
459835,10477.68
864318,10477.68
640418,10477.78
379238,10484.92
445915,10484.92
578234,10484.92
693393,10484.92
569972,10506.77
417929,10529.85
726701,10536.08
426027,10575.95
965116,10581.28
482345,10594.13
232579,10595.81
163723,10598.54
378968,10622.52
652300,10622.52
668235,10626.81
725795,10626.81
268281,10656.88
335545,10656.88
999272,10656.88
800499,10676.59
336469,10682.76
785129,10700.5
753038,10706.67
902421,10720.42
871022,10737.68
558258,10745.98
974738,10745.98
172233,10758.66
231592,10760.18
577374,10760.18
325134,10777.57
403118,10777.57
921530,10793.76
616137,10796.45
988234,10796.45
916594,10828.37
486226,10845.74
805977,10845.74
534571,10856.18
692856,10861.52
646935,10861.71
202248,10864.27
853417,10864.27
139600,10865.86
883702,10883.79
660098,10892.91
839461,10892.91
425294,10901.23
503573,10925.82
473093,10926.69
173798,10928.41
925850,10928.41
570318,10934.74
185573,10954.38
744228,10960.94
213545,10963.96
225205,10963.96
412793,10963.96
527235,10963.96
486955,10972.07
626474,10972.07
870169,10972.07
873297,10972.07
958869,10972.07
323424,10978.78
686561,10986.23
238070,10996.71
563094,11003.54
248196,11009.13
375297,11009.13
598360,11009.13
721688,11009.13
753219,11009.13
835779,11009.13
233969,11014.16
640238,11014.16
256627,11029.93
716068,11030.66
369084,11039.32
711853,11039.32
577860,11042.29
709279,11044.11
131717,11058.22
921298,11058.22
282140,11064.29
373638,11073.11
963473,11077.69
210761,11084.61
649052,11085.88
138894,11093.72
582364,11130.12
788292,11140.3
737602,11154.68
563410,11172.5
154175,11177.75
739021,11232.98
418938,11236.31
204484,11243.9
701391,11255.46
827309,11255.46
584377,11260.9
542085,11264.36
729537,11264.36
175360,11269.23
305380,11281.52
961213,11288.17
868230,11302.6
802305,11308.47
106048,11315.2
244039,11315.2
698159,11315.2
437158,11318.09
331301,11320.83
321388,11360.46
124119,11413.44
132592,11430.59
216072,11430.59
580159,11447.51
756862,11469.63
748635,11513.16
243444,11537.51
831928,11565.69
791466,11578.13
831696,11578.13
594681,11599.5
148381,11618.56
372169,11619.92
297382,11631.88
106589,11638.9
145193,11638.9
194737,11638.9
272097,11638.9
679623,11658.6
416973,11700.64
935274,11700.64
630034,11702.35
407233,11718.42
207500,11726.19
494213,11727.78
893120,11747.65
732863,11772.79
326603,11776.0
579785,11785.04
232924,11790.5
674781,11790.5
802974,11790.5
883968,11790.5
277594,11797.99
811802,11797.99
739617,11814.48
449843,11814.53
559726,11828.61
935328,11830.95
518305,11833.77
135381,11855.14
999460,11875.9
281449,11880.97
751779,11885.97
937956,11900.54
344372,11923.75
976700,11925.72
838771,11955.4
408047,11960.48
397065,11981.98
876232,12022.39
597313,12023.75
180231,12036.62
541435,12036.62
616342,12036.62
920162,12045.67
856502,12047.78
178864,12101.21
669493,12128.37
445137,12128.45
318285,12157.33
765924,12157.33
812513,12157.33
841916,12157.33
971608,12157.33
141456,12168.74
369646,12168.74
377968,12168.74
432579,12168.74
634181,12168.74
863516,12168.74
154889,12176.01
496191,12200.79
788997,12232.78
365761,12234.36
641160,12234.36
541037,12244.9
678616,12252.6
380795,12275.34
156948,12280.77
370300,12280.77
772834,12280.77
346295,12282.84
633787,12282.84
264365,12296.5
211030,12298.69
244595,12298.69
431034,12298.69
505988,12298.69
766733,12298.69
945133,12298.69
517797,12313.16
997539,12315.09
671173,12324.27
462253,12332.52
729154,12341.83
546997,12350.06
393329,12357.12
481931,12375.02
707146,12375.02
173834,12379.57
503988,12390.48
863884,12390.48
140223,12427.39
833169,12472.12
652034,12476.65
601105,12487.58
502353,12495.74
696486,12500.84
562677,12504.49
612311,12504.49
908248,12516.92
920792,12520.98
777861,12522.54
283770,12547.43
576947,12552.65
138853,12556.95
325593,12556.95
861675,12564.07
634328,12584.01
553061,12625.28
689389,12655.53
558598,12687.15
532832,12692.67
727847,12692.67
156305,12731.95
604630,12731.95
237888,12741.85
260515,12741.85
617348,12741.85
728021,12741.85
764513,12741.85
957764,12741.85
358948,12743.35
937788,12743.35
704423,12751.28
952163,12779.06
100737,12786.67
881983,12817.41
321954,12819.1
379110,12827.43
270160,12836.01
330053,12840.43
482882,12840.43
337857,12846.45
375115,12851.42
102308,12866.89
676941,12880.75
835062,12883.12
236093,12883.81
607588,12885.79
101363,12898.59
188559,12902.09
591377,12902.56
717521,12913.5
302188,12919.42
686509,12941.73
394195,12944.19
581294,12944.19
447439,12947.68
199507,12981.53
619483,12992.28
190465,13009.18
925164,13014.23
341169,13021.09
278916,13023.93
265284,13024.13
305843,13024.13
507112,13024.13
574835,13024.13
608605,13024.22
832983,13027.42
708539,13037.03
467945,13057.01
747227,13081.31
223534,13094.2
387721,13104.15
887730,13113.14
948576,13117.52
883773,13151.83
243696,13158.37
995079,13167.61
217124,13178.43
185101,13197.93
611817,13197.93
665646,13197.93
726499,13197.93
921375,13197.93
968807,13197.93
471098,13211.01
365863,13223.04
565008,13226.22
871606,13226.22
346456,13235.54
251779,13246.57
236001,13265.96
306708,13269.6
241165,13297.64
689912,13309.34
204000,13334.27
112797,13345.14
591272,13350.12
957628,13357.45
825465,13369.44
203245,13406.92
358997,13406.92
929885,13432.0
692729,13438.04
649442,13441.01
679485,13450.96
512615,13452.19
931170,13452.19
754599,13464.6
266884,13466.92
328394,13466.92
373321,13466.92
521702,13466.92
546994,13466.92
972954,13466.92
881399,13473.19
768072,13478.8
914937,13502.63
227303,13530.03
367680,13569.24
372865,13575.68
200552,13576.14
975212,13576.14
549402,13596.2
891012,13596.2
294048,13610.11
743257,13668.36
467455,13681.71
134148,13727.8
513590,13727.8
648043,13727.8
995734,13727.8
904512,13736.13
926129,13736.13
999550,13736.13
478770,13755.54
260285,13759.15
205671,13770.98
298543,13770.98
322000,13770.98
483436,13770.98
536823,13770.98
782818,13770.98
928964,13770.98
603744,13786.7
495381,13798.48
413459,13840.16
801227,13865.83
551981,13869.93
576217,13869.93
633938,13869.93
645450,13869.93
919748,13869.93
960761,13881.04
540142,13883.33
296104,13891.68
160143,13897.39
230124,13916.93
663067,13917.38
795230,13979.09
813455,13989.85
392575,14002.38
386926,14002.76
801542,14010.53
261789,14014.1
359011,14014.1
194297,14014.72
330680,14014.72
201343,14019.83
363743,14024.36
477869,14024.36
924405,14032.59
575147,14042.1
596818,14042.1
575818,14050.17
436827,14057.42
955424,14065.3
828026,14070.64
842848,14082.64
106979,14083.97
599369,14083.97
531052,14091.19
354483,14131.12
941324,14134.35
988345,14134.35
341942,14137.23
430475,14158.61
424317,14181.64
166825,14195.36
230942,14203.04
264331,14203.62
651250,14203.62
440320,14244.73
333039,14246.15
288015,14255.23
995527,14316.85
419493,14318.45
781519,14318.45
473772,14325.15
458041,14376.55
329094,14396.24
143389,14413.38
252136,14428.87
255087,14429.89
869471,14435.67
961533,14435.67
352306,14439.8
167879,14472.58
678837,14503.02
795468,14510.44
441313,14510.75
909880,14514.01
649770,14567.27
368566,14616.37
636045,14616.37
665701,14627.93
321074,14635.45
507128,14635.45
764167,14635.45
842523,14635.45
885386,14635.45
359575,14687.08
253609,14696.64
157766,14700.5
320728,14703.13
374721,14722.22
880619,14722.22
103758,14727.51
667718,14741.76
924643,14754.36
497836,14808.06
910716,14827.91
229530,14886.71
338291,14895.4
555301,14895.4
691542,14914.53
160181,14917.33
602043,14932.1
972964,14932.1
567048,14944.84
962600,15014.09
707513,15016.19
935570,15031.56
287211,15032.9
696444,15042.58
846718,15042.58
745420,15055.54
204220,15063.5
365451,15063.5
652642,15083.78
676585,15102.23
721707,15102.23
750893,15114.4
761423,15114.4
776399,15114.4
813567,15114.4
125393,15120.21
702868,15144.41
287254,15167.04
504319,15190.65
869504,15190.65
586753,15228.2
657492,15228.2
200168,15253.26
136345,15262.96
918631,15266.48
976307,15272.8
433815,15277.48
622794,15284.33
858228,15304.52
789573,15306.13
353614,15306.22
458199,15306.22
170232,15320.37
806995,15394.87
756526,15417.68
295387,15417.73
389225,15428.01
530235,15477.28
531398,15477.28
727595,15488.43
173092,15503.72
263402,15506.93
912396,15512.25
151655,15519.67
412394,15531.79
775160,15552.4
465990,15610.9
745028,15610.9
942189,15626.28
869190,15641.26
527004,15672.7
188218,15700.28
502977,15700.28
736219,15725.25
289665,15727.13
149462,15739.92
632981,15759.62
561228,15762.53
830903,15762.53
477993,15762.6
811748,15762.6
246935,15769.11
772628,15769.11
104353,15777.89
526222,15777.89
150754,15789.65
824462,15789.65
540836,15806.53
638733,15814.75
362201,15860.04
272144,15862.18
216095,15865.17
851021,15886.03
413052,15923.96
836486,15936.58
751223,15978.91
244271,15984.53
114399,15994.01
362742,16007.95
396446,16045.11
935862,16068.35
529458,16109.75
214123,16229.65
209846,16236.48
925979,16280.2
133429,16301.97
134857,16301.97
236026,16301.97
426414,16301.97
605787,16301.97
752663,16301.97
812057,16301.97
977236,16301.97
995695,16313.68
705756,16331.43
708654,16331.43
938914,16344.61
671849,16355.31
209102,16373.73
574930,16373.73
656454,16414.04
338059,16468.22
544182,16468.22
688627,16468.22
762389,16468.22
826930,16468.22
791202,16473.17
997912,16473.17
697766,16484.02
428129,16501.07
352747,16504.96
919463,16515.01
556188,16547.64
576587,16548.86
468970,16553.23
840984,16570.09
285220,16589.71
904304,16589.71
858563,16681.33
951746,16702.7
323720,16706.12
134241,16710.84
125493,16727.77
564838,16796.34
414239,16870.39
922210,16870.39
627915,16874.33
132928,16887.8
102740,16922.13
642247,16938.3
247645,16953.08
303445,16953.08
730370,16963.84
181770,16979.8
692936,16979.8
909483,16979.8
237434,16985.5
961331,17006.0
318595,17019.01
436805,17019.19
504208,17041.44
410343,17085.41
192098,17086.75
411744,17109.39
271463,17114.33
794334,17208.06
313996,17250.75
258849,17253.73
645333,17263.64
367006,17288.55
683875,17288.55
559127,17292.94
566991,17349.03
105841,17420.57
652790,17420.57
159525,17435.68
148753,17497.52
179707,17497.52
202055,17497.52
945765,17497.52
136879,17526.18
428710,17530.04
111507,17556.99
281108,17569.16
675442,17636.42
599778,17646.73
893725,17712.21
581596,17723.76
656415,17723.76
483899,17738.2
329736,17759.39
244527,17788.06
490053,17788.06
685720,17793.61
229677,17816.68
138777,17857.97
295078,17930.6
819267,17930.6
527194,17966.29
255028,17995.87
465241,17995.87
881828,18042.48
674327,18065.27
218241,18073.94
703937,18073.94
160203,18131.19
555517,18269.27
964151,18269.27
538308,18269.54
470076,18361.56
113293,18370.57
602213,18380.39
723691,18380.39
836720,18453.58
835920,18484.81
893632,18504.28
405351,18532.41
924936,18534.61
594468,18542.3
685375,18542.3
175320,18572.01
155118,18611.45
602574,18611.45
269434,18680.99
407933,18680.99
940213,18688.31
999758,18690.34
945037,18726.15
861629,18732.2
312180,18745.4
506193,18882.64
232871,18929.33
365887,18948.35
937071,18975.46
145292,19014.48
181033,19069.5
267352,19069.5
670836,19079.1
276650,19116.57
944541,19116.57
142621,19160.99
600746,19160.99
802556,19160.99
909068,19185.07
382971,19190.32
171638,19231.77
461859,19231.77
403500,19237.7
612269,19259.84
755867,19259.84
384599,19337.9
420202,19339.2
106776,19357.8
194786,19363.53
102851,19435.63
250921,19454.41
584796,19454.41
159745,19512.0
252954,19512.0
324048,19582.47
759310,19597.06
969764,19606.36
330131,19688.32
632199,19690.44
774931,19731.34
958299,19849.74
231992,19896.42
555298,19896.42
507998,19927.64
840008,19957.79
802478,19964.4
280292,20096.89
514559,20096.89
558511,20096.89
942601,20096.89
605184,20101.65
765408,20101.65
730768,20120.56
869133,20123.87
981851,20123.87
634503,20186.35
827668,20186.35
742732,20230.97
183235,20237.15
336247,20237.15
937662,20239.38
117939,20294.39
831964,20294.39
944506,20314.44
248356,20315.0
420590,20315.0
970195,20380.07
512177,20395.97
275807,20446.6
928116,20446.6
785389,20467.72
328303,20477.11
983130,20492.74
313763,20496.69
240209,20534.39
670000,20552.62
867301,20700.86
137529,20708.26
276648,20714.94
398506,20842.6
300960,20864.31
280828,20885.56
622883,20925.9
419522,20930.05
588015,20930.05
782515,20940.3
109478,20998.26
458640,21147.28
541557,21159.3
665403,21172.39
774103,21205.38
505390,21235.45
867112,21235.45
942535,21255.5
475132,21274.34
468520,21295.51
571163,21404.36
317919,21423.64
615826,21423.64
720939,21423.64
343218,21480.82
274535,21522.95
265557,21528.57
563945,21561.71
919823,21590.44
562324,21592.1
335143,21766.83
880065,21766.83
713406,21768.7
404475,21776.58
423598,21776.58
519442,21850.35
415381,21850.84
273020,21886.2
262211,21903.91
511765,21914.41
165188,21923.12
180488,22029.15
543422,22029.15
859553,22056.0
819375,22093.62
391611,22103.51
864327,22103.51
920197,22103.51
684201,22110.4
807553,22207.83
211802,22235.01
270901,22315.06
145323,22325.83
138421,22332.44
332962,22332.44
442103,22332.44
801146,22332.44
817041,22332.44
823453,22332.44
122357,22399.13
360981,22425.26
802621,22448.69
251641,22500.88
895433,22500.88
317774,22523.71
630265,22643.83
222743,22647.22
148766,22658.54
571406,22658.54
707592,22658.54
849616,22658.54
817288,22693.29
511253,22712.02
167257,22721.47
433307,22758.91
601997,22758.91
860528,22762.21
507514,22940.38
207543,22951.89
553261,22951.89
883916,23055.57
882409,23142.15
952326,23144.13
117782,23207.25
739345,23207.27
480760,23295.06
486708,23295.06
486897,23331.83
752217,23405.99
606846,23444.9
939094,23554.39
324404,23594.68
348350,23594.68
713094,23594.68
850694,23594.68
251950,23675.03
926451,23675.03
866073,23777.81
117333,23813.52
668865,23866.16
467361,23875.48
881413,23895.68
981304,23950.37
254372,23981.54
128405,23984.62
134085,24061.11
213013,24061.11
238367,24084.54
686709,24108.3
542976,24127.5
769521,24127.5
835295,24127.5
852006,24127.5
870039,24127.5
991050,24127.5
246273,24138.06
278836,24178.68
863392,24178.68
741801,24186.24
867289,24186.24
718227,24238.66
730795,24258.71
140130,24278.1
519087,24320.64
590514,24320.64
422164,24337.38
418784,24442.3
502670,24552.87
719824,24610.78
723968,24610.78
641884,24672.66
472376,24706.92
274858,24709.6
698573,24723.18
567420,24980.23
526020,25030.89
502152,25082.18
536699,25082.18
265677,25107.1
221205,25169.19
302313,25464.82
337932,25464.82
348835,25464.82
423313,25464.82
719135,25464.82
747578,25585.73
498514,25755.28
504260,25755.28
815796,25763.41
704149,25805.27
339371,25805.51
402136,25805.51
413853,25807.06
586734,25807.06
689353,25807.06
840088,25807.06
254567,25830.91
254745,25997.75
563977,26016.53
361944,26113.36
903679,26113.36
988691,26122.13
149993,26134.91
961961,26197.41
677513,26199.53
810668,26200.83
946816,26220.03
917870,26243.86
711680,26413.55
714161,26416.25
554442,26538.58
512426,26730.06
530712,26730.06
945996,26763.83
609778,26843.12
356240,26900.27
813620,26939.51
685171,26999.68
797902,26999.68
411651,27069.5
718491,27279.34
648575,27386.15
818864,27430.14
805932,27440.61
558097,27495.42
489842,27528.31
733903,27542.37
579424,27564.74
210815,27580.55
590778,27643.24
971581,27666.3
210100,27789.69
316548,27789.69
329088,27789.69
355795,27789.69
475009,27789.69
476477,27789.69
893127,27789.69
561722,27890.06
748299,27890.06
508488,27934.62
919888,27934.62
166966,27945.89
610465,27990.27
765338,27990.36
902200,28119.29
907858,28435.64
546736,28486.07
954836,28511.03
414211,28622.31
164983,29006.67
319742,29006.67
662489,29037.48
739781,29037.48
537907,29194.37
767752,29199.81
768365,29199.81
484939,29232.69
371148,29297.33
739227,29328.04
656958,29412.29
740422,29412.29
741926,29706.78
944702,29830.39
248445,29874.74
528413,30061.69
122519,30081.37
412817,30104.52
959793,30118.66
893863,30141.62
857292,30154.68
605723,30205.01
275670,30442.54
554636,30475.78
803587,30718.81
937946,30718.81
275949,30966.32
294016,31161.75
651281,31161.75
131990,31162.69
837833,31162.69
755668,31215.69
935665,31221.75
344527,31269.27
460673,31706.93
598760,31758.35
265383,31803.31
817714,31803.31
106754,31864.86
323341,31934.62
250315,32069.88
784597,32098.32
557880,32144.65
662406,32196.6
401710,32306.29
945015,32306.29
219984,32437.05
662272,32437.05
873965,32450.39
892797,32467.66
661502,32643.08
340931,32677.34
350486,32861.26
149841,32864.4
489523,32961.15
714840,33279.77
768313,33288.16
933251,33451.79
300733,33473.35
434385,33473.35
486075,33473.35
737604,33473.35
959179,33473.35
435223,33718.84
100590,34090.04
553956,34090.04
316793,34611.38
504867,34611.38
544167,34611.38
552776,34611.38
842582,34611.38
912864,34611.38
544301,34708.87
798279,34931.0
376299,35013.54
342570,35022.45
583670,35022.45
588917,35203.57
635334,35440.14
112678,35537.85
987205,35862.99
398924,35900.08
640285,35984.1
487195,36168.34
755073,36293.15
128156,36470.3
773546,36707.43
336722,36860.73
954587,36860.91
323660,37111.66
464394,37150.83
154981,37939.49
235683,38055.21
465347,38055.21
247433,38230.21
419973,38320.82
403675,38410.6
532419,38496.95
488675,38887.9
851979,39033.08
351296,39365.3
481028,39561.08
786442,39561.08
753864,40224.01
969719,40235.97
612140,41075.43
427177,41787.9
670666,41787.9
702528,41787.9
795743,43019.01
310700,43217.22
118864,44771.3
632951,44771.3
217054,44795.47
262467,46805.22
497854,50568.26
755977,51337.91
344232,51426.25
546773,52811.49
302628,55277.45
302460,56675.94
672917,58166.55
